Titanium Carbide[Silicon Diborite/Titanium Chromide], 1744547.680, 1388998.480, 1849873.840, 1032129.760, 1417656.640, 1368892.000, 1223475.760, 966733.600, 1016555.440, 1106901.040, 1664314.720, 1513930.960, 1196671.360, 2187048.640, 1909760.560, 1205010.880, 1288360.960, 1254320.320, 1287253.600, 774459.040, 1141440.160, 1051879.840, 1267228.480, 1222370.800, 1134167.680, 1213008.640, 1470425.200, 1574967.760, 1402999.360, 2083433.920, 1534015.360, 1401357.040, 1373470.960, 1303866.160, 1220061.520, 1281146.080, 1102218.640, 1130823.760, 1511669.920, 1552360.720, 1307401.360, 975174.160, 1418438.560, 1637338.720, 1369839.760, 1554042.880, 1499790.160, 1115932.000, 1370890.240, 1303968.160, 1172601.520, 1168137.760, 1500577.360, 1693403.200, 1591910.560, 757595.440, 1084067.440, 1030527.760, 880918.480, 1668973.120, 1230890.320, 1246395.760, 1155946.960, 990555.040, 1812636.400, 1767321.040, 2299169.680, 1929152.800, 1893065.680, 1632414.400, 1128590.320, 1339872.640, 902490.160, 524343.040, 680395.120, 1381462.720, 867837.520, 918443.920, 1132504.240, 1452778.720, 1020961.840, 1462960.960, 1493915.200, 1306884.880, 1276492.480, 588747.760, 916054.720, 1060971.040, 431797.840, 866881.523, 988024.720, 705528.712, 576741.760, 774857.200, 657372.952, 1028208.160, 1247324.488, 821443.192, 1989691.600, 2320544.080, 2339854.000, 2292130.480, 2123892.160, 2083675.120, 1676904.160, 1304981.680, 1544050.000, 587548.240, 1063457.200, 823803.040, 943259.920, 1021911.760, 1362900.616, 1266016.000, 1333839.664, 1420666.048, 1272508.864, 1011721.120, 1209170.800, 594799.360, 996710.728, 974967.520, 1004187.520, 827419.600, 847749.040, 929181.760, 1337419.336, 1440022.960, 1870485.760, 1505890.480, 1483183.600, 1288678.720, 1036016.080, 655027.120, 686609.680, 600554.536, 531253.600, 1342073.603, 931723.360, 269941.600, 939333.280, 945090.160
Tungsten Carbide[Rolled Tungsten Alloy/Sulfuric Acid], 1139648.584, 904502.824, 1217985.304, 480188.104, 1040435.200, 311177.344, 478808.440, 605730.208, 481253.440, 613857.592, 434761.912, 362594.056, 456141.016, 635327.872, 182613.112, 507892.960, 316734.880, 283439.392, 212670.904, 293029.264, 473698.936, 700222.552, 837322.888, 569929.240, 925618.816, 812666.248, 851535.280, 909845.752, 925669.600, 1336894.240, 1085079.808, 940323.592, 1214703.736, 1187870.469, 1449244.734, 1285851.597, 1633272.794, 1279380.302, 1249652.082, 934232.320, 1404465.280, 929353.031, 1249957.427, 1272508.802, 1481518.523, 1344910.612, 1789569.347, 1397214.239, 1440748.151, 1424524.000, 1662007.912, 1374773.416, 1826970.856, 1152684.520, 970517.920, 1151559.280, 939134.800, 750117.448, 390197.632, 932505.088, 323752.576, 370327.840, 629636.008, 878600.560, 930703.456, 1013521.456, 733587.328, 813896.464, 1160795.824, 1105262.392, 1016902.864, 987424.456, 628464.592, 623637.232, 622997.296, 811078.480, 537114.808, 604835.440, 490576.480, 495686.128, 564068.320, 646118.896, 727262.944, 685767.688, 887045.680, 571310.560, 1012543.360, 1489932.232, 1459508.464, 1233536.435, 1442660.824, 1222511.368, 1176268.336, 1357726.552, 1347901.096, 1088552.536, 543038.056, 477221.740, 1255572.302, 842512.163, 161404.377, 796172.800, 709754.010, 743177.920, 591540.878, 689473.120, 753920.800, 657589.994, 660713.279, 566589.119, 621706.079, 667840.192, 904283.414, 1132087.355, 1175300.378, 1289808.362, 1238721.242, 1066344.393, 1281818.793, 1555859.272, 1176934.638, 1275300.695, 1038748.396, 1081321.180, 1400484.460, 1199973.674, 1434789.734, 1340784.544, 1298944.228, 1298715.503, 984342.774, 797928.054, 729590.956, 581970.016, 809554.144, 1056029.958, 1182499.480, 921017.726, 906786.400, 689132.320, 813960.395, 685538.303
Fullerides[Carbon Polymers/Platinum Technite], 3525117.960, 3718012.320, 4159210.176, 3107943.096, 3934459.560, 3082333.920, 2848411.272, 2923042.992, 2566978.320, 2910943.080, 3597869.424, 3225198.240, 3218815.608, 2640844.920, 2692513.632, 2255277.984, 2426604.696, 2177642.712, 2431072.872, 2672497.944, 2880226.392, 2232872.928, 2681528.400, 2123500.344, 2720721.552, 1997781.384, 1992819.360, 1789842.576, 1860113.976, 2120403.240, 1996765.416, 2406796.200, 2366628.312, 2439539.688, 2266116.912, 3184676.112, 3010266.576, 3276556.584, 2792522.472, 2270076.456, 2951993.040, 3409651.032, 2672187.264, 3067953.744, 2630386.968, 2618251.296, 2077552.872, 1129588.752, 1739901.024, 2060746.776, 1924323.552, 1742431.200, 2825826.840, 2043268.968, 2282314.200, 1882779.192, 1919503.824, 2094714.096, 2022908.352, 2649175.560, 1911811.488, 1773534.840, 1477144.344, 1750811.472, 1453560.960, 1951945.440, 2045372.136, 1983246.840, 2097806.856, 2067810.960, 2034416.400, 1464007.392, 1157002.560, 971150.736, 853602.120, 1370706.840, 1417979.904, 1460837.328, 1720138.464, 1268474.208, 1714035.456, 1175572.920, 1851659.880, 1945258.200, 1786213.248, 405766.272, 829312.656, 1680687.696, 1621128.336, 1448112.960, 1567847.976, 1566186.120, 678140.760, 911069.736, 895393.896, 1449956.304, 1479390.792, 1275636.960, 1954781.753, 1356755.664, 847049.904, 1391688.480, 1343133.792, 1902539.179, 1346855.885, 735819.600, 1653790.800, 1274782.236, 451195.440, 1163973.026, 1058703.240, 340986.840, 561169.836, 1036483.109, 1141891.145, 1585028.645, 1594075.762, 1495765.418, 1689552.766, 1169630.086, 1764437.681, 1791884.616, 1729703.856, 1767877.488, 2345249.880, 2396522.256, 2539541.640, 2067976.200, 2401663.320, 1939886.678, 1908937.279, 1508639.933, 1654965.902, 1289545.680, 1172812.392, 1086878.160, 1257323.400, 732662.434, 743779.430, 172095.979, 238144.723, -5276.563
Sylramic Fibers[Ceramic Powder/Hexite], 1379748.840, 1267105.920, 2055203.400, 1612575.840, 2622882.120, 1470959.640, 1321797.480, 1533583.080, 1197602.520, 1611994.440, 1495253.280, 1239012.720, 828962.280, 981102.120, 779164.200, 548744.640, 784779.240, 1335663.600, 977025.000, 1152604.560, 989199.960, 1401450.480, 1322084.760, 728728.200, 1513797.120, 1668949.200, 1537084.800, 2012553.000, 1843192.200, 3048926.280, 2636034.960, 3736100.160, 6620628.120, 3667475.880, 2930010.840, 3921777.720, 2904720.600, 3527876.280, 2971206.840, 2901830.280, 2361006.230, 2538317.760, 2246952.720, 2459077.560, 2180775.000, 2355710.280, 1794231.120, 1632151.800, 1605992.040, 1485113.760, 1293881.040, 1278898.920, 1819371.960, 964172.520, 713087.280, 475427.160, 364233.360, 321758.520, 367013.160, 1094056.560, 500367.480, 425822.400, 466827.840, 409801.200, 479378.520, 877986.120, 1348015.320, 1067515.920, 1395003.120, 1598078.040, 2579651.760, 2512572.360, 2019576.720, 2024445.360, 1979196.960, 1772674.440, 1548122.160, 1483230.720, 1116128.520, 1491884.280, 1087860.600, 931416.360, 780627.120, 824144.520, 1016537.280, 633587.880, 899299.680, 1251299.520, 1144409.760, 1034802.763, 1316028.600, 1210259.712, 1099775.880, 1757727.480, 1614035.472, 1271378.520, 1747768.608, 1597088.832, 2310120.720, 2034190.080, 1159692.720, 1876529.040, 1076930.280, 1886583.360, 1696481.280, 982448.760, 1989635.280, 1796095.920, 1548192.240, 1723328.640, 1735105.440, 1729266.480, 2145912.456, 2283717.960, 3075632.784, 2272770.768, 3140349.264, 2429918.280, 2477666.400, 1924415.160, 2809424.328, 2423040.720, 1925787.360, 2235529.080, 2018004.000, 2371419.480, 2380887.936, 2438514.240, 2241381.000, 1995540.000, 1429629.120, 1486334.640, 1143772.440, 903960.240, 784594.680, 614774.976, -17424.840, 499906.320, 559342.200, 19937.520, 165303.360, 158275.680
Crystalline Carbonide[Carbon Polymers/Crystallite Alloy], 1671270.160, 907270.960, 863021.176, 909127.336, -26050.280, 1333341.640, 1224388.792, 1161588.232, 1106821.600, 1051341.160, 1068579.184, 699341.920, 848817.808, 945783.280, 1390432.072, 995351.464, 1353274.096, 1055319.352, 1182668.872, 1102778.344, 1542550.312, 1131827.728, 1375005.400, 1327106.944, 1531162.312, 1047525.904, 1501385.320, 1545493.096, 1711731.496, 1608016.720, 1707717.376, 1530039.520, 1922644.312, 1302317.128, 1540845.592, 1640463.592, 1759768.696, 1619982.424, 1789880.512, 1966709.896, 1686631.120, 1616709.352, 1579505.344, 861896.224, 1377594.088, 1219540.576, 940178.032, 893322.832, 822341.944, 781036.336, 946193.632, 941485.720, 659247.280, 1291858.288, 1034620.960, 1150452.232, 1032677.824, 1229018.896, 1095137.512, 1162730.800, 944743.408, 783380.320, 673249.624, 945022.792, 780591.640, 1134500.080, 908498.056, 1555253.320, 1651050.496, 1907517.280, 1773250.000, 1799447.272, 1713474.880, 1284871.216, 1334524.720, 816888.400, 881010.904, 812080.408, 673700.104, 1004537.368, 628219.456, 775732.840, 1068703.240, 1154432.843, 1378599.568, 977464.432, 973497.136, 1136205.285, 515363.416, 682011.964, 1096342.336, 1202560.600, 1327552.720, 1100118.136, 967962.376, 1113898.144, 1134369.112, 1177875.280, 1255056.993, 1132686.904, 883169.704, 1079190.640, 1061256.232, 1571480.459, 1395589.965, 1240813.360, 1448996.920, 1211549.476, 1168887.040, 1281723.066, 1359498.880, 1242477.400, 1794596.596, 2386885.869, 1596286.665, 2165600.565, 1842988.562, 2008739.058, 2029563.446, 1324372.406, 1700122.161, 1764076.936, 1915071.256, 1735216.048, 1476898.840, 1046984.776, 1017803.080, 1359332.320, 1038812.320, 1214730.078, 949919.759, 631595.373, 414879.222, 482720.320, 697176.472, 688957.360, 1080422.320, 593386.874, 746126.310, 452659.499, 751858.643, 323490.957
Phenolic Composites[Caesarium Cadmide/Silicon Diborite/Vanadium Hafnite], 2652626.496, 3171332.352, 3581632.992, 2777794.560, 3298888.320, 3185496.864, 3213296.064, 3348003.168, 2811193.536, 2382839.232, 2397715.200, 1804360.704, 1416573.312, 720483.552, 1056652.704, 166022.496, 678932.448, 603916.416, 1504731.360, 1887281.760, 2376859.008, 1962513.024, 1835710.848, 2475482.976, 3078222.240, 2258018.208, 2167806.720, 2332144.128, 2096936.640, 2131061.472, 1852561.344, 1612342.848, 1707433.344, 1636396.992, 1037466.528, 1139709.888, 411258.432, 609821.376, 918554.976, 966771.936, 585913.344, 476476.032, 887142.336, 1174591.968, 1149650.112, 1319083.008, 1175748.096, 856715.712, 912995.616, 1333225.632, 1259402.112, 1289924.640, 935699.616, 1226418.816, 1264622.208, 1032497.280, 1152864.864, 1292016.000, 1457556.864, 1437785.088, 1367726.496, 1822943.904, 1746709.824, 1878308.736, 1304347.296, 1342789.920, 447134.880, 966690.048, 1146418.944, 1738768.224, 1201231.104, 1880949.504, 1083954.432, 1296964.320, 1264040.448, 1558526.880, 1441789.632, 1858975.680, 1544757.888, 1648494.720, 1715796.864, 1324230.624, 1693716.672, 1600322.400, 1874257.248, 1616021.856, 1514949.504, 1805225.856, 2352356.544, 2403676.355, 3243344.064, 2725777.786, 2853196.032, 2659870.368, 2657464.666, 2267219.232, 2389309.094, 2284441.306, 2338865.219, 2492301.216, 2402661.504, 2716551.648, 2202663.552, 1966326.528, 1850433.408, 1629693.792, 1822357.824, 1344422.016, 1187015.232, 827106.816, 665708.064, 2056885.920, 1368001.613, 651842.592, 1975650.067, 1703116.454, 1888702.579, 967465.152, 1874339.328, 1556795.424, 1576308.614, 1345432.320, 1635014.592, 1942643.424, 1561909.440, 1575110.304, 1126910.285, 75802.464, 710984.832, 960255.264, 601569.792, 329966.592, 161231.424, -102998.208, 91883.424, 224344.397, 307431.840, 374390.400, 609933.696, 420179.136, -53002.560, 68288.064
Fernite Carbide[Ceramic Powder/Fernite Alloy], 1175785.600, 1606275.040, 1291323.760, 348799.120, -44539.760, 468796.480, 593967.760, 700006.000, 604107.280, 127363.600, 263520.880, 255558.880, 315269.200, 182060.560, 68188.480, -64645.520, 297338.800, 350366.320, 148.960, 250731.280, 889346.800, 373329.280, 536551.840, 400590.160, 871390.480, 836850.640, 819766.480, 708406.480, 615013.120, 805376.320, 766010.080, 814479.520, 919469.680, 509311.360, 1083284.800, 990068.320, 1094798.560, 1401197.920, 1287166.960, 1276593.280, 1216792.960, 1282091.440, 1481670.400, 1626817.600, 1928608.960, 2476910.080, 2991696.400, 2141479.120, 1634456.800, 1769842.480, 765286.480, 1529517.040, 802902.880, 1299111.280, 704841.520, 584558.800, 441474.160, 645102.400, 618280.960, 186295.120, 321600.400, 431464.480, 560740.960, 645409.840, 477421.600, 717970.000, 805023.760, 797038.960, 827358.880, 940501.360, 853957.120, 889437.760, 770854.000, 865446.400, 1267294.480, 975950.800, 849679.120, 705191.200, 799896.160, 683128.000, 976696.240, 785228.320, 675802.720, 901633.840, 1050717.760, 1112615.440, 944719.360, 1250024.560, 1449261.040, 1180276.643, 1619932.000, 991798.072, 942051.520, 1028820.160, 954763.192, 583189.600, 966521.128, 958686.952, 879808.720, 885161.920, 1002269.200, 1177865.920, 726718.000, 1642290.160, 2035989.760, 2172975.040, 2214967.600, 993129.040, 900060.400, 962940.400, 898624.240, 715910.080, 860810.056, 975750.160, 1046454.064, 1258120.288, 1566846.784, 1763196.880, 2094652.480, 1616940.160, 1887637.528, 1697861.680, 1498606.480, 1727894.800, 1636554.160, 1722647.920, 1558998.376, 1442046.400, 1138343.440, 1477320.400, 1010771.200, 688137.040, 614256.400, 305278.960, 439804.720, 630745.816, 587605.840, 353162.800, 900286.480, 751023.040, 1166546.080, 845574.880
Photonic Metamaterials[Crystallite Alloy/Thulium Hafnite], 3502190.160, 2647943.520, 3636501.360, 4163013.360, 3551186.760, 3502559.040, 3120964.680, 3304756.320, 2469852.600, 2469716.040, 3721838.880, 3395252.160, 3067140.720, 2870325.120, 3720734.880, 3397128.600, 4268976.960, 3697259.520, 3438555.720, 4348746.720, 3680851.800, 4974153.360, 4509783.840, 3419164.800, 4239612.840, 3018180.600, 3270590.520, 3043908.480, 3490063.800, 3518843.040, 2613809.880, 2635707.240, 1878124.200, 1526175.240, 992685.600, -915064.320, -43288.560, -464338.680, -591047.760, -152160.600, 1136968.320, 928400.640, 1049084.400, 15042.120, 1268387.640, 2025961.560, 1326346.920, 2061575.880, 2609894.880, 3028312.920, 3626671.440, 2859286.080, 3442262.880, 4129172.880, 3952072.680, 2991228.840, 3764898.000, 4300485.480, 4381970.880, 3980487.960, 2954965.320, 3453092.520, 1305869.280, 926911.320, 86424.000, 1223445.720, 837491.640, 11991.120, 527811.480, 1401552.600, 205436.400, 862305.360, 393073.200, 324458.880, 145445.880, -254523.120, -66783.000, 170812.920, -1347092.400, 412014.720, -252617.026, -496201.080, 180526.560, 396772.363, 957899.040, 629730.360, 17182.560, 965891.909, 1065074.040, 293658.804, 1592679.120, 1453274.760, 1409928.240, 1337274.840, 1321063.320, 1412095.320, 3239176.920, 2729600.280, 3489611.400, 3443686.680, 3403749.720, 3471170.880, 3056209.440, 4015125.600, 2750397.840, 2265342.360, 3282469.560, 2253996.120, 1469767.920, 1968321.960, 2023263.480, 466111.920, 2242302.840, 1495060.080, 1900888.080, 1075098.000, 1791980.400, 2855191.920, 2330680.920, 1907136.840, 2035187.280, 2212717.440, 3262399.800, 3074269.800, 2868138.000, 4280958.720, 4053897.480, 2610675.240, 3336253.200, 3636179.160, 3157870.800, 2175879.840, 1524991.680, 1268895.120, 1777057.560, 1124700.120, 1598138.880, 1320419.400, 1420752.600, 746314.080, 1049589.120, -242820.240
Nanotransistors[Neo Mercurite/Platinum Technite/Sulfuric Acid], 3719926.611, 2474044.179, 3542961.459, 4502527.635, 4883359.904, 3005827.347, 3445362.752, 2399550.406, 2275799.456, 1863592.794, 2234682.618, 1984518.061, 622738.477, -264414.726, 701943.834, -665870.656, -1156212.256, -646371.750, 1144970.835, 804519.699, 853696.717, 577189.626, 1842171.718, 962756.288, 1687246.669, 596813.446, 1504728.416, 2022027.066, 1935257.504, 2749634.720, 2786236.678, 2582599.194, 2628130.765, 2687107.159, 2387057.708, 3013177.149, 2464880.699, 2990253.841, 2773764.322, 2889185.216, 1606501.952, 1669295.481, 758375.606, 1024847.425, 1496557.123, -947450.934, 788613.014, 46251.167, -357315.879, -82324.864, 316128.378, 181878.349, -3036278.387, 1108813.472, 1499408.480, 1755480.224, -2721573.856, 1866910.246, 1401825.114, 1029170.758, 547825.741, 801292.352, 302486.662, 691378.592, 586367.341, -487940.723, 1377707.110, 847675.827, 1425872.019, 1654571.706, 1840060.275, 1000036.909, 400357.530, -22709.382, 1521825.517, 369226.400, 320607.718, 130476.512, 393003.776, 823606.246, 1401577.184, 1347553.933, 1940537.907, 2109772.102, 2512388.576, 1978201.664, 2119948.736, 2547851.994, 2056693.011, 2344708.636, 2592846.483, 2854428.454, 3371124.685, 2834725.050, 4566966.253, 4423308.205, 3306173.485, 4192520.854, 5152881.553, 4058272.003, 3427117.197, 3569128.928, 3561622.152, 3168892.544, 2322234.174, 143857.664, 1365247.520, 917554.139, 112145.471, -57253.921, -968084.737, 532484.346, 1074477.035, 1344421.276, 25704.654, 1204308.193, 1317892.513, 866665.274, 405584.666, 1163948.922, -167473.665, 1526538.796, 1112349.661, 1891338.992, 2438525.168, 2378645.723, 1936891.115, 3590032.755, 2656519.990, 2653048.627, 2528495.084, 2183631.212, 3420752.317, 3373424.653, 2515810.035, 3069412.383, 2855074.112, 2352400.772, 5912024.864, 2611119.680, 1039851.196, 818795.251
Vanadium Hafnite, 2794424.640, 4540714.560, 1229966.880, 397848.960, -296339.520, 4200285.600, 4614110.400, 3679893.600, 3455686.080, 2941560.000, 3532424.640, 4131695.040, 3805177.920, 3521938.080, 2961802.080, 1971341.280, 5007167.520, 7854823.680, 3261738.720, 3938332.320, 1015684.800, 8985719.040, -438356.160, 8197928.160, 9581498.400, 547299.360, -598201.920, -135432.000, 8430438.720, 1055235.360, 5197133.760, 1381610.880, 3378344.640, 3351958.080, 2521361.760, 1314942.720, 1999522.560, 1979830.080, 1218584.160, 2281428.000, 959399.040, 2408687.040, 2781566.400, 2564747.040, 1720889.280, 1151582.400, -5533686.720, 1735726.080, -1099425.120, -1178140.320, -1105795.200, -4895829.600, -653994.720, -1323179.520, -1559558.400, -861616.320, 1327473.120, 1338792.000, 1782418.560, 3823952.640, 1453428.000, 6153417.120, 3947169.600, -5889638.400, 4829244.960, 5632433.760, 3646939.680, -5739448.320, -4577986.560, 2486915.040, 2060627.520, 2006279.040, 1416081.600, 3389011.680, 2838322.560, -1553108.640, -1828673.280, 2894308.800, 3066764.160, 3144582.720, 3395847.360, 3467278.560, 3939200.640, 654117.600, 1349616.480, 3185738.400, 3158513.280, 2305745.280, 4439335.680, 2237401.920, 3394809.600, 4342951.680, 4182142.080, 1908102.240, 4134029.280, 3706547.040, -364621.920, 3369341.280, 1211016.461, 4316122.080, 4572060.480, 1741807.200, -1525458.240, -1712113.920, -1750626.240, 1870763.040, 2313480.960, 2847906.240, 4816608.960, 4702643.520, 4533830.880, 1403734.560, 2095243.680, 4024430.880, 2577255.840, 3740972.160, 1476968.640, 713292.480, 3012707.520, -78450.720, 797417.280, 211968.960, -650670.720, 724975.200, -896894.400, 287925.600, -737009.760, -745361.760, -1052154.240, -714648.480, -1338472.320, -2988130.560, -2057962.560, -881731.200, -539273.760, -2669997.600, 824846.880, 1299240.000, -1231305.600, 1005685.440, 3620199.360, 2729025.600
Platinum Technite, 2343988.320, 3122953.920, 4930498.560, 3573810.240, 4266214.560, 1154847.360, 425890.080, 2451615.360, 8488064.160, 710985.120, 3533798.400, 4558210.560, 4497867.360, 9119222.400, 7018682.880, 5352051.360, 520346.880, 1813446.720, 2238329.280, 2174018.400, -2122969.440, 365928.000, 2642663.520, 2250959.040, 4625234.400, 497950.560, 511512.000, 5240236.320, 5791397.280, 7813346.880, 2412178.560, 460492.800, 335964.960, 6246924.000, 15188.160, -97548.960, 6158849.760, 7305284.640, 4197456.000, 433474.560, 757494.720, 7286503.680, 7076482.560, -3712401.600, -1562276.640, -388417.440, 5638311.360, 4670748.000, 793340.160, 2154186.720, 416988.480, 6172344.000, 10604860.800, -412568.160, 9093787.200, 7497476.640, 7754326.560, 8714404.320, 8114185.440, 7747365.120, 1581480.000, -678002.400, 6344408.640, 4321502.400, 3920234.880, -584998.080, 2806675.200, 5326773.120, 281364.480, 1120204.800, 1133914.560, 4620913.440, 3448996.800, 2858726.880, -1784866.560, -2617193.280, 834998.400, -5924760.000, 2330508.960, -4678436.640, 2858619.360, 2850292.800, 1496413.440, -207096.000, 1231279.200, 6777685.440, 1450073.280, 8066310.720, 7918742.400, 6466795.680, 7708740.000, 7959433.440, 6557518.560, 5203015.680, 4290511.680, 3170650.560, 4610115.840, 5694028.800, 3988506.240, 1396080.480, 2059914.240, 549611.040, 789319.200, -1980223.680, -3574948.800, -3046177.920, -810588.480, -2042752.320, -6377514.240, 1055250.240, -5621513.760, -1081838.880, -521000.160, -621466.560, -4817895.840, 66339.840, -19726.080, -153313.440, -3888035.520, 573628.800, -3639343.680, 861845.760, 571531.200, 354708.480, 287009.280, -1441389.120, 525720.000, 429587.040, 235656.480, -720246.240, -800565.120, -2151007.680, -1563386.400, -1991898.240, -2720260.800, -2681808.960, 829787.520, -8514241.920, -1200657.120, -2837731.200, -4508856.000, -5479341.120
Crystallite Alloy, 27088.320, -3204161.280, -1884981.600, 3696201.600, 86509.920, 1409384.160, -1945737.120, -1138739.040, -1490810.400, 588838.560, 1081651.200, 502439.040, 819327.360, 667819.680, -1167196.320, 424715.520, 959913.120, 594108.480, 629065.920, 3158219.040, -28390.560, -1247041.920, 2312116.800, 3321814.560, 3540927.360, 2501883.840, 3376073.760, 3453063.360, 2781955.680, 3310478.880, 2825369.760, 2273961.120, 2564860.320, 1855405.920, 1249959.840, -69544.320, 2156765.760, 1558086.240, 418271.520, -622266.240, -437304.000, -2054982.720, -374338.560, -1804264.320, -2533031.520, -3229591.200, -875958.240, -3777088.800, -1130392.800, -598828.800, -355919.040, -296280.480, 458718.240, -1634340.480, 1168029.600, 2793443.040, 2845129.440, 3469286.880, 3549599.040, 2299926.240, 635792.640, 1804995.840, -522204.480, 232293.600, -94808.160, 2577072.000, -2702232.960, -2761152.960, -1475810.400, 2801705.280, -1732365.120, 1870769.280, 2074728.000, 3556163.040, 2177512.800, 3322109.280, 3710885.280, -148491.360, 2859920.640, 4303328.640, 3486881.760, -587971.200, 631384.320, 3551042.573, -649029.600, -1212846.720, 3852949.440, -108080.813, -638447.520, -1286105.904, 1811384.640, 1629605.280, 2352773.760, -141038.400, 1749604.800, 1020499.200, 2604884.160, 2303488.320, 486636.000, 175596.480, 2696988.960, 5002819.680, 5431048.320, 530101.440, 5112682.560, 5290049.280, 5397580.320, 3744139.680, 4268669.760, 4144650.720, 4820290.560, 5087716.320, 5355561.600, 4655137.440, 5780811.360, 2663221.440, 2693134.080, 5018431.680, 5374502.880, 1053030.720, 4905318.720, 4828147.200, 1603042.080, 3940623.360, 1148382.720, 1172682.720, 464794.560, 591331.200, 455639.040, 841835.520, -687700.800, -1625283.840, -1910944.320, -2133307.200, 1841162.880, -2356534.080, 922115.040, 549543.840, 1458489.120, 568980.480, 832200.000, 540246.720
Terahertz Metamaterials[Promethium Mercurite/Rolled Tungsten Alloy], 2344783.320, 1750502.880, 2566890.360, 1307097.120, 2515502.400, -817223.160, 1367207.760, 428872.200, 1358280.000, 1388596.560, 2667350.400, 442664.400, 407056.920, -2657765.400, 347598.840, -818542.440, -2752560.120, -1362713.760, -1517029.920, -836010.000, 472404.960, 1242294.480, 1638253.320, 637518.840, 40347.960, -1241430.120, 235652.520, -667051.080, 574827.840, 1129041.480, 1040325.720, -641469.720, -691935.840, -1022895.600, -148761.000, 32967.960, 622361.160, -2925814.080, 684827.640, 1896347.280, 170248.320, -371838.480, -1022015.280, -1014910.560, -444478.560, -1208942.160, -1015435.080, -439293.840, -406716.120, 271403.640, 928739.520, 1809192.600, 1658492.280, 2998620.840, 4413508.440, 2250963.120, 4323855.120, 2235468.720, 2790613.320, 3668256.840, 2812346.160, 2349171.960, 1864290.000, 2327858.040, 1896193.080, 2601666.960, 3088273.920, 2600538.480, 2130528.120, 584678.160, -489075.600, -1749219.720, -2321705.760, -2701344.240, -1798912.920, -578035.560, -944545.320, -760453.560, -3467200.920, -1660578.360, -222838.349, -1228073.520, -40080.480, 40438.560, 380986.800, 624245.760, 177720.960, 631329.480, 2159740.920, -126232.680, 1121495.880, 706525.680, 552927.240, 552575.280, 366661.200, -438873.840, 408954.000, -353809.200, -224895.720, -163670.760, -872288.760, 619560.240, 701976.120, 672666.960, 652571.280, 1091242.560, 1085092.200, 962802.600, 713900.880, 1044365.880, 67340.760, 646439.040, 786331.320, 968777.160, 1480825.680, 1970842.800, 2124097.200, 2172515.160, 1540767.480, 2825303.280, 3404476.800, 2945603.520, 1204077.480, 3093751.440, 2594748.960, 3758024.040, 2425455.120, 1656237.480, 2513786.280, 3323967.480, 3579436.080, 1652939.520, 292704.120, 607392.240, 223759.200, 955521.360, 130209.480, 977032.920, 507137.280, 294092.880, -301298.160, 452761.920
Nonlinear Metamaterials[Ferrofluid/Titanium Chromide], 5339668.200, 3567349.200, 4333031.280, 4065911.760, 3473081.280, 1560456.840, 54741.960, 528111.240, 690154.560, 1690190.040, 1495975.200, 1355883.840, -946730.160, -1510360.200, -465226.680, -3251787.240, -1468224.000, -2218224.240, -2997567.720, -3313282.320, -1596334.680, -3992701.080, -1262041.800, -1961734.080, 1974489.720, -2434324.200, 133864.560, -2828382.000, -1077372.600, 196594.200, -3626078.280, -2150313.720, -2436258.360, -1631268.240, -2528423.520, -699267.600, -2685015.360, -90801.600, -450203.160, 2540700.960, -1773830.520, 638024.640, -1741158.480, 1270144.200, 2624959.800, 3325870.320, 3593886.480, 905950.440, 3259225.680, 4909672.560, 2379231.600, 4296097.080, 2791005.600, 2083476.720, 1017816.960, -409264.080, 456655.440, -1375104.960, 473256.240, 65467.800, -691176.840, -864460.800, 330996.000, 921099.720, 946801.200, 1515599.400, 1989699.240, 2413362.240, 3287921.640, 2844936.840, 2573054.400, 2392230.480, 1910083.560, 1107602.520, 2679544.200, 2293059.240, 2678392.440, 1644661.440, 2261538.720, 177267.960, -1073348.160, -1147225.680, 979615.800, 1129075.320, 1171885.560, 64776.720, -305148.600, -451403.280, -1884312.960, -1009911.480, -172796.400, -441453.600, -1254597.600, -1209301.800, 739200.960, -1826407.080, -611490.720, 63200.040, 723618.960, 1688383.560, 2203710.000, 2907878.520, 2404549.800, 1223828.520, 1581119.160, 1536989.400, 1937930.880, 1988008.560, 1282231.080, 1442043.480, 2043671.400, 4464288.000, 5043593.760, 5849427.360, 4672468.440, 7832463.240, 5580203.280, 5468171.640, 3027324.120, 3335679.480, -545046.120, 4428505.920, 4842113.520, 3367773.360, 5063395.200, 5964000.000, 4440035.520, 3719441.520, 3307551.000, 3755519.880, 4430849.280, 2880228.960, 3023089.200, 182839.920, 1766262.600, 26198.280, 274725.600, 240421.843, 1965513.720, 1472586.480, -41902.320, 1154682.360
Titanium Chromide, 2430201.120, 1396526.400, 8557453.920, -360382.080, 6740056.320, -182732.160, 6803378.400, 6561906.240, 171821.760, 234004.320, 4671434.880, 3683629.440, 5664995.520, 6857654.400, 7996060.800, 1037451.840, 1159551.840, 8165990.400, 3904227.840, 2089933.920, -198265.440, -2776961.760, -3207137.760, 2739308.640, -2695845.120, -1751422.080, -1385642.880, 2714043.840, 1628025.120, 2852866.560, 2144978.400, -2034051.360, 915472.800, 412632.000, -143116.320, -2087675.520, -2134493.760, -1457537.280, -2370551.040, -2053853.280, -2553245.280, -1904143.680, 70389.120, -131953.920, -1110739.680, -2719363.200, 33109.440, -483434.400, -73688.160, 2072943.840, 1865413.440, 2375947.200, 3336887.520, 1028439.360, 3090936.960, 3357794.880, 731618.400, 6803905.920, 6920698.560, -1445637.600, 7635873.600, 5350397.280, 2302240.320, 2273691.360, 2488258.080, -1396511.040, 2969411.520, -1828262.400, 1899430.560, 2321832.960, 2628192.000, -773167.680, 2289855.840, 6467715.840, -1981454.880, 4707430.080, 4650416.160, -1722191.040, -1950021.120, 1050357.600, 376421.760, 551428.320, 1221697.440, 1407174.720, -1649257.920, -1666752.480, 1432801.440, 419508.480, -1584399.360, -4642527.840, -4237203.840, 459389.760, -2761747.200, -3221338.560, -2378022.240, 1853055.360, 2358393.120, 2470636.800, 2986823.040, 1204758.720, 1373884.800, 1360402.560, 2848054.560, 158908.320, 2945676.960, 1458819.840, 2583284.160, -897024.000, 2309034.720, 385465.440, 210662.400, 522191.520, 5765724.960, 5284644.000, 5551732.800, 5153130.720, 1400081.280, 6092826.720, 6353342.880, 1499784.960, 1943602.080, -1542718.080, 2254473.600, 118164.960, -1732877.760, -1263865.440, 1768410.720, 2077201.440, 1772572.320, 1916979.840, 378852.480, -230405.760, -475940.160, -1383168.960, -2643301.440, -2558000.640, -2565395.040, -5657768.179, -252772.320, -1002352.320, 1391074.560, -2210029.920
Ceramic Powder, 945026.880, -7711.680, 1708796.640, 1494982.080, 1604314.560, 817783.200, 273002.880, 236316.960, 18702.720, 833152.320, 96544.320, -337238.400, 925930.560, -126934.560, 458194.080, 482331.360, 256765.920, 699863.040, 647668.320, -153012.960, -153079.680, -7067.520, 416416.320, 178912.800, 436852.320, 2904.480, 415656.960, 302944.320, 434450.880, 275296.800, -54105.600, 396549.120, 580168.320, 545528.640, 623906.400, 259651.200, 1509980.160, 1561018.560, 598632.480, 1218518.880, 1271371.200, 1220599.680, 364776.000, 504920.160, 411674.880, 507874.560, 155320.320, -1193270.400, 110781.600, -152714.400, -633611.520, -417799.200, -86941.920, 188972.160, 573067.200, 629007.360, -582639.840, -974498.880, -1313580.480, 307023.360, -1032271.200, -345806.880, -569599.680, -439694.400, -1438413.600, -479280.480, -1188717.600, -559917.120, -445714.560, -211013.280, -625916.160, -970490.880, -173596.800, -216975.840, -382271.040, -783094.560, -325418.880, -665005.440, -335406.720, -713659.200, 95077.440, -266915.040, -207665.280, -126259.680, -399213.600, -246724.320, -624903.360, 78815.040, -389305.920, -280413.427, -376163.520, 563495.328, 389623.680, 560907.360, 1133563.008, 49518.240, 1145381.952, 25605.888, -122661.120, 756445.920, 834884.160, 28306.080, -509960.640, -331274.880, 567010.560, 652888.800, 733207.680, -114947.520, 408026.880, 403207.680, 1076524.320, 635911.200, 941955.264, 1580221.920, 1725711.456, 679687.872, -160285.824, 1462089.600, 1628204.160, 1633356.960, 1670786.592, 1774267.200, 1371801.600, 1355612.640, 1329261.120, -105430.560, 1539051.264, 1481038.560, 1999013.760, 1154759.520, -64563.840, 816706.560, 693526.080, -202265.280, 968382.240, -129652.416, 283280.160, 57788.160, 314492.160, 526209.600, -263463.360, 661408.320
Rolled Tungsten Alloy, 5084908.320, -10003644.480, 879568.320, 3554317.440, 1307658.720, 110743.680, -9772476.960, 1684736.640, -9373776.480, -1068461.280, -1276434.240, -1513789.440, -7838296.800, -2256810.240, -3155137.920, -2023476.000, 570253.440, 1040844.480, -3092088.960, -2468347.680, -1837284.000, 1066262.400, 245194.080, -1431795.840, -4877344.800, -4348646.880, -4007945.280, -4224250.080, -558570.720, 549024.960, 500219.520, -3534304.320, -158396.640, -264851.040, -2786963.520, 162872.160, 754073.760, 443618.400, -820224.000, 1198534.080, -2968848.960, 1752604.800, -2795634.240, 1484260.800, 2170501.920, -1453047.840, 1219163.520, 961230.240, 2332392.960, 1523389.920, 3174700.800, 1519644.480, 3459782.400, 3121518.240, 1431418.560, 1138858.080, 1078092.000, 712703.520, 661092.960, 2626616.640, -1749809.280, 3151680.480, 1964253.120, -3333051.840, 1860123.840, 2978349.120, 1515516.480, -1400393.280, -905905.920, 296912.640, 2625130.560, 2613729.120, 798072.000, 493439.520, -3205021.440, -913961.280, -726338.880, -852686.400, -1704420.960, -1521303.840, -536401.440, -3850495.680, -1449870.720, -3782983.680, -2941790.880, 1024587.840, 1965522.240, 666383.040, 295059.840, -4533789.600, 327104.160, -3865344.480, 149686.560, 893672.640, -3898449.600, 1029903.360, 1155678.720, 917635.200, 1872306.240, 877474.080, -1639251.840, -692487.840, -933028.320, -309996.480, 682106.880, -31330.560, 251658.240, 1056158.400, 361705.920, 299281.920, 236267.040, 1086445.920, 1620623.520, 735417.600, 761635.680, 1747720.320, 1942308.480, 2427134.880, 1222304.640, 3321489.600, 2568240.000, 2417563.200, 348167.040, 516470.400, -6684488.640, 1559520.960, 2135486.400, -6182389.920, 1549291.680, 1619730.720, 4423039.680, 1181438.400, 4237181.280, 1024129.920, 785254.080, -5647694.400, 2864744.640, 2787193.920, -6039252.960, 1403596.800, 1294783.680, 1523616.000
Hexite, 2223.840, -4283494.080, 201227.520, -6316680.000, -2374364.640, -1025888.640, 63869.280, -6410892.480, 346534.560, 534556.320, -5311581.120, -1754702.400, -6229556.640, 978969.600, 1173504.960, -3457935.840, -1408273.920, -1224578.880, -3200368.320, -244365.600, 219401.760, 630062.400, 1788084.000, 1012751.040, 2094295.200, -2270358.240, 2895403.200, 3525713.760, 2793691.680, 5484235.200, 2630568.960, 4004602.560, 3500447.520, 4479887.520, 1148564.160, 8972972.640, 9286888.800, 9541991.520, 1101742.080, -698729.280, -455187.302, 3785387.520, 3010464.000, 836901.120, -1071183.840, -2161940.640, -3995819.520, 607844.640, 133425.600, 8245562.400, 4690902.720, 8201783.040, 10407926.400, 8133275.040, 7503192.000, 9023828.640, 4521608.160, 611620.320, -4486419.360, 7557803.520, -5444959.680, -1198303.200, -5274108.480, -2430600.000, -1380020.160, -348115.200, -4230998.400, -4896422.400, -1267614.720, -3542031.360, -3099195.840, -938700.000, -2160129.600, -1928315.040, -1971096.960, 3886627.200, 8845240.320, -1056888.000, 2552566.560, 1810743.840, 2104566.240, 3228489.600, 1390956.480, 2875628.160, 2323488.480, 1639532.160, 2169637.440, 5600382.720, 5452477.440, 2832821.280, 3179066.400, 4604065.440, 4562793.120, 4022580.480, 4113234.240, 4176490.560, 5050509.120, 3906042.240, -242578.560, 4418328.480, 1936079.040, -1970624.160, -2118951.840, -671162.880, 1674875.520, 1026326.400, -1951073.280, -2178893.760, 185926.080, 426225.600, 446700.000, -1822486.560, 831314.400, 477244.800, 1039744.800, -2777040.000, -2433387.840, 992364.960, 1317468.480, 807044.160, 416686.080, 778573.440, 870475.200, -2185029.120, -2250544.320, -1288006.080, -881001.600, -2916223.200, 2049493.920, 2275884.960, 3022394.880, -1968377.280, 2360793.120, -792627.840, -4404056.640, -1111325.760, -906142.080, -3490955.520, -6844437.600, -2554617.600, -2017771.200, -1932957.120
Fernite Alloy, -133959.360, 1568128.320, 2194359.840, -1968775.680, -1800821.760, -1550976.480, 271435.200, 1494889.440, 970937.280, -389473.920, -3276570.240, 666462.720, 717974.400, 603530.400, -712877.280, -849727.200, -6605428.320, -784311.360, -1261122.720, -6323500.320, -982662.720, -1014341.760, -1084555.200, -1396392.480, -726766.560, -862043.040, 840189.120, -4054400.640, -616589.760, -264461.280, -278985.600, -394636.800, -3113893.440, -227064.000, -2306739.360, -400867.200, 770887.680, 913389.120, 464527.200, -1563031.200, 22768.320, 563014.080, 1288787.520, 752316.000, 906320.640, 915711.360, -2124736.320, 1320828.480, 2405.280, 750247.200, 919583.040, 583084.320, 1222736.160, -1066511.040, 656949.120, -3207777.600, 1427960.160, 1177231.680, 1628349.120, 978964.800, 784967.520, -817047.840, 661533.120, 842874.240, -845728.800, 1690967.520, 175527.840, 81052.800, -1016494.080, 1199982.240, 1084045.440, -1350639.360, 895108.800, 929650.080, 2389820.160, -932820.960, -1100533.440, -941725.440, 1494071.040, 1501561.920, 1822005.120, 1552749.600, 638693.760, 1934008.800, 2563417.440, 2992214.880, 1053833.280, 1763068.800, 1120560.000, -817946.880, 1045168.320, 1396057.920, -672230.400, -358415.520, 784801.440, 518459.040, 986140.320, 866279.520, 961936.320, 1128641.760, 1014752.640, 1397306.400, 389783.040, -1015569.600, -717202.560, -319769.760, -578694.720, -828733.440, -164245.440, 1269184.320, 1645740.000, 2328800.160, 8063.520, 3048996.000, 3350295.840, 1407524.160, -234887.040, 1321149.120, -2965405.440, 4451696.160, 4293971.520, 3698430.720, 4401881.280, 4582119.840, -979063.680, -1123492.320, 4216988.640, -1677931.680, 3271800.000, -1332591.840, -2327055.360, 2202557.760, -3203345.280, 1433792.640, -2870864.160, -1864887.840, 1398298.080, -2665060.800, 111888.960, -1548219.840, -2608134.720, 93988.800
Ferrogel[Ferrofluid/Hexite/Hyperflurite/Prometium], 864185.520, -1306079.680, 543620.960, 74759.680, 2571636.960, 1180503.120, 1586186.000, -1130561.680, 1850207.040, -1010652.560, 3593352.160, 1110171.520, 562790.400, 875196.720, 2059708.240, -1049322.640, 1240115.840, -190335.680, -1207694.160, 656850.720, 1259703.760, -1025757.200, 2011655.920, 458180.000, 1217897.040, 779893.200, 1244663.520, 598247.680, 527744.240, 1882490.800, 1354455.600, 7015.280, 369063.280, -442058.400, 894978.560, 1828441.280, 1154803.520, 608740.160, 2137684.720, 3625254.240, 194805.514, -1621066.560, -490258.400, -455587.760, -2175799.120, -1533148.640, -2717093.600, -1236490.000, 568835.040, -97593.440, 1006518.720, 306583.440, 270361.760, 864662.080, 244139.520, -436574.880, 322497.120, -671373.440, 142435.680, -1774275.280, -1789727.600, -3568968.480, -2629991.840, -2955625.200, -3601678.720, -2338554.320, -2553946.480, -3105647.040, -3749058.160, -4056800.400, -2909228.640, -4397190.720, -4717430.800, -5446977.520, -3786829.200, -4661241.520, -4621385.680, -4833032.800, -4491572.160, -3734446.640, -2463279.040, -3591908.960, -1520306.960, -1668891.120, -298544.400, -420216.000, -966885.200, 5053073.440, 4814339.360, 3077186.000, 4624877.600, 3479105.120, 3897178.080, 3462301.840, 2954642.720, 117124.240, 296175.360, 1038914.160, 2624891.360, -105175.760, -590103.040, 521377.360, 737120.240, 1761755.440, 1801299.280, 216541.360, 1991011.200, 1553844.480, -490098.640, 1047971.920, 1145333.520, 511529.280, 979796.480, 1167269.120, 688873.840, -69488.240, 1531578.400, 1012919.760, 824217.360, 2086774.640, 3206994.320, 2114740.320, 2621162.720, 3410234.400, 3399858.880, 4140034.240, 1875252.960, 3537349.440, 1384243.440, 2687344.720, 3183422.080, -579890.560, -462646.080, -1407402.240, -920014.000, -1211283.920, -2676860.480, -2284668.640, -2468401.200, -3015964.160, -3430323.680, -3206054.480
Carbon Polymers, 846785.280, 76096.320, 818932.224, 891903.264, 654874.560, 686995.200, 754746.048, 932129.088, 236584.800, 266132.160, 512930.496, 262193.280, 646767.552, 797843.040, 231704.448, 528928.416, 206984.544, 719683.488, -211980.192, 1316740.416, 256242.048, 1313111.232, 1190810.400, 1086861.216, 931271.328, 1216267.776, 1142840.640, 1168802.784, 1254649.344, 567118.560, 35587.104, 725047.200, 8137.728, -63840.768, 692185.728, 69888.288, 217551.264, 299036.736, 176943.648, -275923.296, 122649.600, 100926.048, -114276.864, 58229.376, -78189.888, -248262.816, -163669.152, -328688.352, -109632.384, -258551.616, -132332.352, -412036.800, -505936.800, -710246.208, -219734.880, 1753.728, -108370.464, -658043.616, -279637.152, 34164.000, -970905.408, 125477.760, -319227.744, 184597.248, 19639.680, -53087.040, -200044.896, -53150.880, -188392.416, 51819.840, -567033.600, 314680.608, 320898.240, 281529.504, 255735.840, 301462.560, 153734.016, -33879.168, -599520.864, -544662.048, 319746.144, -494339.040, -253534.560, -162630.240, -544957.728, -543310.272, -246871.296, -118859.136, -521178.816, -503316.960, -463440.576, -73248.000, -524366.400, -549719.136, -509284.896, -265204.224, -448041.312, -256406.400, -266469.149, -576953.184, -529402.944, 137675.040, -482887.392, -579166.483, -588297.101, -270536.640, -189626.880, -96902.736, 120235.200, 56684.746, 127532.160, 95678.400, 1259676.624, 908997.715, 989691.139, -245441.261, -191281.594, 863867.914, -176058.058, -186811.498, 387291.523, 1062316.704, 902653.824, -190747.968, 771174.240, -213820.416, 450647.520, 504948.480, 337722.240, 328737.274, 374040.317, 227077.171, 208116.250, 204820.800, -104070.432, -245306.880, 242332.320, 68434.694, 248849.722, 534870.317, 219314.573, 380067.187
Silicon Diborite, -83866.080, -397073.280, 6024.480, -333991.680, 76396.800, -56259.840, -22900.320, -192980.160, 134741.760, -240180.960, -44956.800, 99873.600, 802000.320, 778911.360, 75875.520, 842825.280, 746774.880, 762439.680, 135726.720, 208380.000, 769247.520, 772576.800, 35895.840, 457877.280, 808957.440, 787059.840, -80445.120, 600620.160, 744287.520, 1358401.920, 1435398.240, -112412.640, -33396.000, 1429616.640, 1399404.960, 287168.640, 1216465.920, 1252255.680, 289802.880, 29562.720, 968018.400, 39966.720, 782169.600, 961950.720, 590748.000, -276264.960, 349616.640, -471516.960, -259427.040, -290044.320, -605919.360, -1333909.440, -281514.720, -954371.520, -276936.960, -219640.320, -1079758.560, -1285984.320, -1566301.440, -482936.160, -533291.520, -249915.360, -540468.480, -372406.560, -602568.480, -390650.880, -1050622.080, -821155.200, -1125369.120, -786497.280, -500804.160, -583944.000, -856879.200, -124308.480, -193457.760, -416990.400, -523111.200, -1231441.920, -519499.200, -421393.440, -103339.200, -462660.000, -664479.840, -153936.000, -173952.960, -32042.400, 205881.120, -658828.800, 396323.520, 378680.813, 474561.600, 561871.968, 378844.800, -618877.440, 516910.848, 488279.040, -729636.288, 699599.328, -894131.520, 630044.160, 398162.880, -530172.480, 308729.760, -497504.160, 112476.960, 215926.080, -941986.560, -878136.000, 375490.080, -885722.400, -819552.960, -555367.200, 867459.264, -513681.120, 627357.696, 609912.672, -591663.744, -871439.520, 534977.760, 528910.080, 557358.912, 1178607.360, 794062.080, 254695.200, -321262.080, 767796.000, 841622.784, 856063.200, 514770.720, 541821.120, 620059.200, 550627.200, 964126.080, 897696.000, 63244.800, 52492.704, 958039.200, 503757.120, 986687.520, 1160041.920, 886631.040, 892863.840
Thulium Hafnite, 2872376.640, 1067074.560, 4157894.880, 7735928.640, 5190694.080, 3792506.400, 2303902.080, 4504140.000, 1832808.960, 1131220.800, 1839525.120, -16338393.600, 6173987.520, 7944328.800, -11383555.680, 10377619.680, 10994368.800, 10621905.600, 5882874.720, 8853424.800, -11337892.800, -6866828.160, 8226760.320, 6844025.760, -9197541.600, 5758544.160, -8075215.680, 5578009.920, 7696931.520, 6825158.880, -3757674.240, -5164835.520, 3435330.240, 2852514.240, -6177312.480, -8793442.560, 2640259.200, 3897825.600, -51880.800, -427092.000, -311898.240, 604966.080, -226416.960, -6478694.880, -550189.440, 3411653.760, 5589864.960, -71831.040, -2366953.440, 6135593.760, 1929120.000, 4579045.920, 7439723.040, 4340351.040, 8995745.280, 6113421.120, 4719486.240, 10985822.400, 9915458.880, 4592055.360, 6574935.840, 5983156.320, -3219048.000, 5206345.920, 3100160.160, 581628.000, 3051039.840, -2622140.160, 3727299.840, -282904.800, -10733809.920, -743263.680, 1028433.600, 1103861.280, -3217233.600, -7973360.160, -4975310.400, -3424555.200, 4672082.880, -2217113.280, -2005790.246, -3569540.640, -2918614.080, -4836762.720, -9386871.840, -9844558.560, -6524257.920, -9374136.000, -8713528.320, -2940129.600, -5796074.880, -5656162.560, -280722.240, -13605481.440, -694828.320, -11495744.160, 3038834.400, 1965795.360, 2363277.120, 2364525.600, 2408222.400, -5749375.200, 1319478.720, -6145551.360, -900957.120, -8081502.240, -6332134.080, -2183280.960, -2941174.080, -2493379.200, -2239214.880, -5486177.760, -1987104.480, -5136183.840, -2892496.800, -2926040.640, -8328878.400, 1109747.520, -1832372.160, -2437884.960, 1590828.480, -2037872.640, 2107801.920, 1565628.000, 491436.480, 1001261.280, 1599753.120, -2066670.240, 5125244.160, -3890507.040, -4017429.120, 2038316.160, 1669515.840, 1933443.840, -345463.200, -6106535.520, 106479.840, 133530.240, 1630947.840, 75114.240, 1008653.760, 1808500.800
Hypersynaptic Fibers[Dysporite/Solerium/Vanadium Hafnite], 2535012.320, 1833326.528, 3576384.992, -617063.296, 1372679.840, 186988.544, -494524.672, -232448.512, -633730.336, -1115350.144, 839701.376, 521597.312, -959752.384, 605094.272, 1718248.832, -585818.080, 944546.912, 1726808.384, 834047.072, 1406892.128, 2427576.896, 1772461.088, 2935168.736, 1842087.776, 3968309.216, -1454417.632, -666805.408, -642069.952, 347667.968, 588878.720, 369188.096, -1022748.928, 1708534.208, 1898990.816, 686694.368, 1408986.560, 857900.864, 274464.416, -750792.064, 161127.488, -1003407.712, -3160886.464, -1242336.832, -1360471.840, -1827044.032, -1669389.280, -750783.904, -1510109.824, -1423330.528, -1884384.256, -1688613.760, -1628321.536, -1793231.584, -1845997.120, -2340892.192, -2567052.256, -2293299.808, -2396604.640, -1928863.744, -172862.848, 900818.144, 51961.856, -221038.528, 529956.224, 781287.392, 1781170.784, 1770981.728, 1827312.512, 1461801.152, 1027364.384, -446143.168, -498705.088, -1655291.104, -1801188.928, -580514.368, -695967.616, -1043452.480, -1130461.984, -704691.136, -1311904.480, -373053.664, -425657.152, 355585.760, 362578.784, 1240678.208, 447568.256, 228677.024, 821150.394, 574366.304, 866916.512, 2537370.944, 2228774.624, 1277694.848, 1257753.440, 1073811.008, -1092172.384, 1187634.560, 1381503.776, 1390673.059, 632317.280, 713422.880, 845896.832, -477426.784, -1496754.208, -1256235.040, -2236236.448, -802888.480, -1156600.864, -1743370.720, -1512626.752, -971791.456, -2653979.104, -763480.960, -891236.320, -455650.624, 329323.808, -89896.000, -835321.696, 904851.776, 963229.856, 1638677.600, 1451293.760, 1686058.784, 2621632.256, 2162506.688, 3587555.936, 1808196.416, 2707153.472, 2144250.848, 2510221.280, 2203717.376, 617173.184, -612663.040, 872065.664, 372928.352, 132787.424, -355521.760, -788643.424, -665912.320, -1702047.808, -749720.896, -1725215.392
Ferrofluid, 2760853.440, -1211053.440, -7663439.520, 1285899.840, 2889113.280, -10014991.200, -3212651.520, -607879.200, -8860477.440, -1508865.600, -79937.280, 232176.000, -5827932.480, -3566839.200, -8945866.080, -14504601.120, -2449116.000, 4840094.400, -559003.680, 7892695.200, 6298468.800, 4486755.840, 7786072.320, 4106134.560, 15109735.200, -876342.240, 9525270.720, 8045075.520, 8328477.120, 11868000.480, -3092087.040, 4965890.880, 4120914.240, 4038469.440, 872485.920, -5066847.360, 8831760.000, 5327025.600, -3326882.400, 8489253.600, 3705576.960, 363977.280, 3444152.640, 5887593.120, -4410896.640, -9856986.240, 5396962.560, -9890279.040, -9240735.840, 3531056.160, 2954592.000, 3477705.120, 4113515.040, 1518757.440, -1505061.120, -1474265.280, -7970264.160, -1040289.600, -12341929.920, -13643183.040, -2488942.560, -2514744.480, -3571694.400, -2873302.080, -4149740.640, -3202250.400, -6607606.560, -13727439.360, -5258914.560, -13898316.000, -4556353.920, -4879961.280, -5437780.800, -6195277.920, -926193.600, 1461740.640, 5218756.800, -1214289.600, 5596630.080, -12181462.080, -12006592.320, 3123473.760, -8992754.880, 679272.480, -7902577.440, 3137540.640, 3641249.280, 207662.400, 5173130.880, 4755662.400, 12883921.920, 12141162.240, 4332058.560, -5219075.040, -506917.920, 5761158.240, -10096596.000, 11102816.160, 6492544.320, 5688736.800, 6866356.800, 10366375.200, -1082758.080, -8384492.160, 4810898.880, -12783140.640, -82985.280, -11460567.360, 22173.120, -7790352.000, -5270338.080, -4408337.760, 3535151.520, -7322891.040, -1958820.000, 8775936.960, 5130292.800, 2014086.720, 3675397.440, 8193289.440, 5397103.680, 5679260.160, 8813027.520, -2319655.200, 2811622.080, 6492557.280, 1945593.120, 1751662.560, -3723056.640, -1452903.840, -1412536.320, 2686373.760, 588411.840, 456733.440, -7293991.200, -8042164.320, 3554991.840, 8012250.240, 7126208.640, -4763852.160, 8234631.360, -4797441.600
Prometium, 1762340.640, -3808132.800, -9749177.760, -18720144.000, 2768529.600, -597763.200, 1230427.680, 1605387.840, 1227851.520, 2524663.200, -343320.000, 2130635.520, 4613521.920, 5523743.040, 6845625.600, 7324209.600, 5998313.760, 3847430.400, 3420251.520, -4059967.200, 4842899.040, -7469295.840, 8441697.120, 8200331.040, 4489006.080, -416323.200, 1781990.400, -1099160.640, 3521872.800, 730526.400, 41781.600, -2818069.920, 1342818.720, -7627344.000, 2125233.120, -4645224.000, 1272360.000, -1717250.880, 3790993.920, 939695.520, -3973489.440, -7617403.200, -14660931.840, -4835280.960, -12494267.040, -11219568.960, -8150637.120, -11684337.120, -10067121.120, -7883113.440, -5536320.000, -7078608.960, -4155917.280, -2698941.120, -2576590.080, -3434712.000, -10938063.840, -2013626.880, 516625.920, -8725555.680, -5449526.400, 2006969.760, -11327116.800, 8149766.880, -9405328.800, -4199165.760, 12306695.040, -5756956.800, 7027004.640, -8040168.960, 5351944.320, -412956.480, -7968842.400, -774355.200, -5130198.240, 36902.400, 109971.360, -4910964.480, -1988679.360, -746540.640, -4527062.400, -594299.040, 2827308.000, -14488571.520, 5442356.160, 2284755.360, -6857357.280, 6049754.880, 4627549.440, -7141.920, 1358312.640, 4473999.360, 3966375.360, 3950043.840, 1996690.080, 2753167.680, 3677893.920, 3837680.640, 6071979.840, 5231651.520, 4215306.240, -2174667.840, 3978758.880, -3782128.800, 2412265.440, -2515470.720, 2379933.120, -3919739.520, -796944.480, 2262579.360, 2143973.760, 647046.240, 525775.200, -9285623.520, -1661317.440, 205979.040, -6750712.320, -8622429.600, -2273879.520, 3772824.000, 5276410.080, 3496824.000, 7070059.200, 6170393.760, -817747.200, 4606810.080, 3941703.840, -8880248.160, -3556533.600, 912428.160, 9489848.640, -5045633.280, 556531.200, -1115407.680, 1759260.480, -7107173.760, -10110662.880, 6664143.360, -8038598.880, -1848907.200, -5317184.640, 3074916.960
Plasmonic Metamaterials[Fernite Alloy/Neo Mercurite], 3012648.960, -531954.240, 508910.160, -3051632.160, -2899948.680, -267762.000, 799508.280, -2744344.320, -588825.480, -1098160.680, -3002986.800, -3777135.600, -1246551.600, -1075673.040, -3586304.160, -3660832.680, -2045861.040, -727973.280, -1548100.440, -348636.240, -930421.560, -398214.960, -2623844.640, -5155584.240, -2530269.480, -6556761.480, -3531867.240, -5843883.120, -2770417.320, -3100286.400, -919214.040, -3252436.440, -1588341.480, -1328631.480, -2027447.520, -1468618.560, -1304481.600, -5384890.680, -1902079.440, -921704.760, -2421170.400, -933967.680, -845556.720, -1153766.760, 2710243.560, -654558.840, 3580229.880, 4246074.600, 3693325.200, -6551.400, 961570.800, 3782406.480, 742955.520, 1562075.760, 2731782.840, 1651296.120, 2084517.360, 2586494.280, 2694294.720, 1805851.320, 1522414.680, 2220147.720, 1243030.320, 1780170.360, 1611214.560, -85468.440, 1557929.640, 858497.760, 1177002.120, 1315569.480, 716291.040, 257273.280, -621074.880, -1073421.840, -954275.880, -1480416.240, -2399001.240, -2956312.440, -2114311.200, -1648600.320, -1798632.360, -2032081.320, 82501.440, 368392.680, 1120036.080, 637050.840, 136670.400, -517727.160, -2381445.720, -1438196.160, -801339.600, -1050179.640, -515796.480, -1642865.880, -1324723.560, -1193598.840, -813998.040, -1489129.320, -1849791.960, -2113585.320, -1558536.840, -1560706.560, -1811738.640, -1100778.960, 1367279.280, 1571578.440, 5815608.360, 1960120.680, 969277.680, 1134097.080, 313700.760, 1273527.120, 1218519.240, 2335842.960, -254791.680, 428598.720, 857279.280, 1451199.360, -214760.280, 1717635.000, 1954364.880, 26738.640, 807610.920, 1905854.280, 917530.800, 1368502.560, 3144020.520, 3274483.320, 2749725.360, 3066807.240, 2513425.440, 1599598.080, 1807835.040, 385719.120, -62358.120, 1592743.080, 2440274.640, -1221328.440, 2396363.160, 174712.320, -1784008.560, 152177.040
Neo Mercurite, -21350047.680, -18240744.000, -2513523.360, -6070909.440, -4934293.920, -8546562.720, -5684214.240, -7502793.120, -4876823.520, -12359268.000, 3254347.200, -14189891.520, -378171.840, 15248454.240, -11555347.680, -11443063.680, 5402417.760, -21894672.960, 1274094.720, -15306265.440, -17105913.120, 1015408.320, 6784968.000, -2562732.000, -1487790.720, -2444126.400, 1060085.280, -5232377.280, 12048613.920, 11871916.320, 4952581.920, 3911438.880, 2411515.680, 11884829.280, -1918075.680, 11643790.080, -2537662.080, 11956644.960, 18170779.680, 5022741.120, -1366587.840, -2856590.400, 2108910.720, 13266025.920, 772805.280, 13172059.680, 15572718.240, 6602001.120, 13306063.200, 16145268.480, 3583301.760, 8285777.760, 15661633.440, 2840753.280, 2197786.080, 21013134.240, -17057257.440, 17541558.240, 17441924.160, 13536262.560, -4486428.480, -3535086.720, -2149146.240, -855628.320, -1952336.160, -11781296.640, -6285554.880, -9402510.720, -6866930.400, -9271310.400, -17450551.680, -4020403.200, -6002982.720, -334970.400, -11497896.480, -11962482.720, -3489349.920, -5224984.800, -2623320.960, -2374524.480, -7367772.960, -10577164.800, -9107040.000, -6464997.120, -5270567.520, 1993366.080, 2774356.800, -5943673.440, -1023857.760, 818482.560, 1913815.680, 2654246.880, 5993930.880, 2684544.000, 6705830.400, 7830377.280, 5983318.080, 5472273.600, 2500414.560, 4050711.360, 5752389.600, -6056588.640, 6456129.600, -5615448.960, -9262032.960, 2618400.000, 1600065.120, 1143035.040, 16392768.000, -83916.000, -17329416.000, -10627700.640, -7897185.600, -5827291.680, -10274125.920, -12142411.200, -30278562.240, -3199769.280, -6291091.680, -3421860.480, -27379814.400, -2806858.560, -5245979.040, -1242853.440, -20799971.520, -4443900.000, -22069628.160, 1412802.240, -2870818.560, 264118.080, -4524218.880, -2351503.680, -1829804.160, -311480.640, 19283071.680, -11587474.560, 18615478.560, -17757194.400, -12682487.520, 15351174.720, 5867796.480, -4530071.040
Caesarium Cadmide, 5061447.840, 5671934.400, -1309251.360, 4735824.000, 4546296.000, 4386470.400, 4579406.880, 5411442.240, 3632939.520, 3132381.600, 4444699.200, 2185019.520, -1275502.080, -2159444.160, 3535401.600, 423604.800, -1759398.240, 206851.200, -3489415.680, -3469106.400, -3111958.560, 1101276.960, -1841496.480, -1484100.960, -1260875.520, -2828457.600, 127046.400, -3787295.040, 155018.400, -906302.400, -1940493.600, -2035295.520, -349738.080, -714710.400, -2865758.880, -2282299.200, -307790.400, 424595.520, 2125009.920, -510768.480, -1380625.440, -822302.400, -2326371.840, -329501.760, -2279243.040, -8604375.360, -2049443.520, -4661677.920, -423316.320, -2554671.840, -211497.600, -819840.960, -1010026.080, -5219699.520, 540232.320, -4682241.600, -145100.640, 440353.920, 669179.520, 213484.320, -5351942.400, -89315.040, -2173171.200, -1836325.920, -1601776.800, -3864586.560, -7830591.360, -5772931.200, -5259468.960, 2224035.840, -115361.280, 799110.720, -953421.600, -657456.000, -826585.440, -1323312.000, -1705350.240, 355057.920, -1345536.960, 163875.360, 760790.400, -42395.040, -790490.400, 2102503.680, 3166215.360, -2367500.640, -6511640.160, -424168.320, 4468563.840, -3708443.040, 6059189.760, 5837792.640, 5360810.880, 4355787.840, 3983400.480, 2871919.680, 4215541.920, 6099344.640, -861188.160, 4177245.120, 4916144.640, 659616.960, -2278329.120, -2784544.800, -3228838.560, 1199143.680, 1446755.520, -2460942.720, 756009.120, 1310086.560, 305631.360, 858054.240, 1740396.000, -1105290.720, 1462397.760, 461396.640, -1877368.320, 765688.800, -941341.920, -521025.600, 421824.480, -1440235.200, -499713.600, 2012457.120, -495552.000, 424906.080, -171867.360, -124913.760, -219880.800, -872835.840, -1446221.760, -2861873.280, -2706182.400, -3019884.480, -2440672.320, -2281781.760, -297542.880, -4886845.440, -1166237.280, -353505.600, -680442.240, -957188.640
Dysporite, -16456735.680, -17793787.200, -15748188.960, 1225704.960, 6355018.080, -5086223.520, 962278.560, 4466544.480, 5500622.880, 4850498.400, -13924353.600, 5118089.280, 302352.960, 2613289.440, 3877007.520, -13604618.880, -2179451.040, 1303976.640, -3134455.680, 3211568.160, 1975738.080, -425254.080, 3216648.000, -703912.800, 9533124.480, -8155608.000, 6166056.480, -8969273.280, 4863013.920, 8760018.720, -3850992.480, -11789245.920, -11455521.120, 3761098.080, 733117.920, 3781159.680, 9057985.920, 1795697.760, 1810094.880, -1603582.080, -6323586.240, -2117956.800, -694337.280, 1407270.720, -8871738.720, -17890525.920, 814148.640, -8262610.080, -4488736.800, -4799608.320, -10073389.440, -7694967.840, -5596472.160, -20023758.720, -9527519.520, -4854776.160, -16335635.040, -5379804.960, -15308879.040, -16601977.440, -17683577.280, 97476.480, -23634925.440, -22360309.920, 904163.040, 2723948.160, 1396480.320, -23643400.320, 474804.000, -20807112.000, 1683630.720, -19584998.400, 763202.880, -441540.000, 5499642.720, 5371795.680, 4909190.880, -15707666.400, 4423395.840, 817283.520, -20434419.360, -1696656.000, -19293696.000, -3689128.320, -8744452.320, -11855248.320, -11632104.000, -9490479.072, -10370888.160, -3747152.640, 2714906.880, 1907635.680, -1534341.120, -2592528.000, -2732275.200, -12095296.320, -16646166.720, -5390059.200, 3945732.960, -116322.240, -13667930.400, -9922153.440, 1100779.200, -17115960.960, -1363988.160, -842880.000, -12444379.680, -11133435.360, -2455008.000, -13109349.600, -10605480.000, -1501460.640, -924590.400, -8211422.880, 59016.480, 3788088.000, -4568619.840, -2430924.480, -998938.080, 4082709.120, 1946976.000, 2187599.040, -1259089.440, 5800666.560, 5489791.680, 7574839.200, 3795690.240, -620477.760, 1795453.440, 3907049.280, 2488110.720, -2042374.080, -3123557.760, -3014523.840, -2709069.120, -6187992.960, -4264163.040, -1529623.200, -10402055.520, -7483174.080, -2644897.920, -16502864.640
Promethium Mercurite, 894006.720, -16913553.600, -11570787.360, -11623722.240, -8105337.120, -10094581.920, -2871116.640, -8306428.320, -2218564.320, -1196359.200, 3879124.800, -2220198.720, -6591426.240, -5644668.960, -3990931.680, -3300439.680, -4850718.240, 17903.040, 705227.520, -15070585.440, -13017417.120, 3918141.120, -10864449.600, 4823124.000, 847630.080, 4485700.800, 4237253.280, 4397392.320, 6021417.120, 6749951.520, 2927529.120, -9945767.520, 4767173.280, 3185318.880, -10902168.480, 6323911.680, 6361441.920, 336449.760, 5201525.280, 7698069.120, -9124914.240, -11894875.200, -8636177.280, -9189670.080, -12630897.120, -10250461.920, -1849102.560, -7638005.280, -8207229.600, -8458763.520, -7019648.640, -9943335.840, -4832254.560, 2309758.080, 4440010.080, -5739204.960, -9574806.240, 3493695.840, 5693933.760, -11558300.640, -9073049.280, 5529012.480, 4712664.960, -12424540.320, 4902678.240, 7874559.360, 7357417.920, -8927541.120, 6247178.400, 5833800.000, 7874257.920, 4822531.200, -2665581.120, -3865370.400, -10091870.880, -11285913.120, -11682345.120, -10119007.200, 7264352.640, 11550477.120, -5879537.107, 8990515.200, -4146172.800, 10206516.480, -4610865.120, 12118438.080, -4623643.200, 1595379.360, 1428654.240, -1631370.240, -1967627.520, 3029434.080, -523518.720, -2954812.800, -1717065.600, -3123693.120, 6256284.480, 4445486.400, -738011.040, -2795922.240, -4048980.000, -1759158.240, -3451790.400, -26809464.960, -15376887.360, 2307427.200, -166766.880, 339303.840, 2753520.000, -17654940.000, -18259406.400, -19452414.240, -8087918.400, -7513752.480, -9658641.120, -13131979.200, -12625928.640, -13025359.680, 174652.320, 5151179.520, -14554723.200, -2456141.760, -2906017.440, -2899775.040, -2744963.520, -3312348.000, 2482928.640, 1893887.040, -2541807.360, -4713558.720, 672750.720, -4020041.280, -11094956.160, -9178760.640, -5928544.320, -5900472.960, -8886985.440, -21623604.000, -5686324.320, -5705801.280, -8676433.920, -4522621.440
Sulfuric Acid, -191500.224, -297538.464, -233449.824, -531681.504, -177476.640, -242980.224, -861568.320, -285808.128, -143002.080, -287908.992, -226425.312, -624443.616, -362384.256, -342991.872, -693973.152, -201029.280, 185809.920, -172988.352, -306948.384, -719348.064, -710275.776, -183967.392, -192365.568, -335525.280, -226712.736, -242816.448, -688757.760, -339265.152, -689044.320, -350592.960, -335111.808, -388324.512, -322302.336, -318839.885, -723041.222, -295759.853, -385261.306, -324864.874, -465602.870, -968944.320, -502167.360, -492353.635, -364649.971, -387630.394, -839945.587, -849841.872, -592292.851, -598893.283, -609904.675, -758556.960, -873042.912, -828438.816, -774338.016, -700011.840, -655654.080, -681039.840, -1139101.920, -1151525.568, -1162270.752, -1063537.728, -1335868.416, -454914.720, -282775.968, -1123749.120, -1263454.656, -1119286.656, -1142695.488, -638553.984, -1133145.024, -326986.272, 88853.376, -22344.576, 40071.168, 572890.848, 559556.544, -967048.320, 452097.312, -1066957.440, 231776.160, -934186.848, 544236.000, 221220.864, 49645.056, -304849.248, 307408.800, 9526.080, -561996.480, -241530.912, -269077.824, -110842.579, -18710.784, 33212.352, 241573.344, 273367.968, 521033.184, 496238.304, 302332.704, 665997.360, 599872.886, 42315.053, 615192.547, 614010.720, 919295.242, 236159.040, 350178.230, -322344.960, -216468.480, 773727.974, 846547.517, 482698.877, -437480.803, -343569.312, 188361.974, -2192.659, 502220.870, 555739.046, -295347.994, -518944.829, 451108.771, 398902.368, 885495.994, 1155514.781, -460055.376, 1046880.240, -271616.400, 515094.374, 1148779.094, -319144.224, 1055518.512, 590324.573, 614786.458, 1048775.578, 1067921.424, 1045590.144, -307383.744, 1171195.354, -364621.920, -469032.778, 817370.400, -236142.720, 322187.501, -418614.787
Hyperflurite, 3327959.520, -3643063.680, -15698226.240, -2097795.840, 5247708.960, -6040400.640, 3567986.400, 3435231.360, 5347085.280, 3219244.320, 8344413.120, -5789774.400, -1630580.640, -11282733.120, 382021.440, 1130115.360, -481094.400, -2288563.200, -2793203.520, -1063157.280, -14572086.240, -13886.400, 2226385.440, 1583418.240, -1256599.200, -15429188.640, -15912047.040, -15249688.800, 81864.480, -13122186.240, -13366386.240, -11063726.400, -9955657.440, -1503526.560, 3421593.600, -11615237.280, -12354830.880, 2382738.720, 7504839.360, 3178887.360, 4853054.400, -24515823.360, -20757396.480, 4901632.320, -18605005.920, 3050109.600, 1637969.280, 808852.320, 153847.680, -258778.080, 737092.800, -5407377.600, -2186134.080, -8180587.680, -8580517.440, -9105130.080, -7867635.360, 3555412.320, -7491915.360, -10392801.600, -11974127.040, -32723440.800, -19141344.960, -5178337.920, -18801669.120, -31355094.720, -2641085.760, -11213197.440, -15061994.880, -8066986.560, -14238643.200, -18202484.640, -9143870.400, -2651812.320, -14851128.000, -8138441.280, -13812615.360, -8154302.400, -5865737.760, -4081268.640, -24195987.360, -7230110.400, -17703514.560, -5901098.880, -15537252.000, -3612562.560, -6536928.960, -6093048.960, -7767804.480, -10969379.040, -3880352.160, -3898078.560, -3248868.960, -3714786.240, -5394091.200, -6779732.160, -4396139.520, -5436780.480, -1947021.120, -2063571.360, -3496245.120, -2361294.240, -4306343.520, -11158376.640, -4631371.200, -11020848.000, -3808646.400, -3656476.800, -23721064.320, -9983725.440, -5258205.600, 3633698.400, -4093896.480, -11535589.440, 899500.320, 2867927.040, -9146763.840, -10547361.120, -10059867.840, 715278.720, 3343970.880, 495765.120, -4853639.040, 875303.040, -1103786.880, -2171803.200, -2294904.000, -6164160.480, -7546427.040, -2982749.280, -408457.920, -5072779.200, -8317743.840, -10421432.640, -8115906.240, -15129446.400, -11489801.280, -11390429.760, -5613080.160, -4809441.600, -8010792.000, -4538435.520
Fluxed Condensates, -24232568.160, -47105736.000, -45536337.120, -42460723.200, -35733770.880, -38092166.400, -33022429.920, -30531075.840, -43577546.880, -15501765.600, -37342420.800, -15108494.400, -18928843.200, -18298483.200, -8983458.240, -22881604.800, -2718678.240, -18320956.800, -2078964.480, -12716597.280, -26560213.920, -19309283.040, 5423937.120, -5653601.760, -4415443.200, -20034470.400, -6716332.800, -15681684.480, 391730.400, -4781390.400, -2798320.800, 1597094.880, -6251616.480, -370176.000, -3742171.680, -3362366.400, 215467.200, 3000409.920, 12391365.120, -10518298.080, -10677188.640, -9868948.800, -7203027.840, -14568339.187, -8949150.240, -7457952.960, -9839238.720, 6288323.770, 4553064.480, 8069926.560, -24938985.600, -20322375.360, 9640770.720, 2758351.680, 11819368.320, 12267988.800, -18260435.040, 16718651.520, -13729598.400, 2509641.120, 8861289.600, 405536.160, -19027536.000, -18618863.520, 1233679.200, -21043642.560, -16669704.960, -19476384.000, 1982204.640, -1508893.440, -2972868.480, 3529888.320, -18992157.600, -19609804.800, -5160150.240, -3966854.400, -14051.040, -20446404.480, 2440127.040, -15230588.640, -13731494.400, -18660231.840, -12562164.000, -11605137.600, -10662360.000, 2307574.560, -13780220.640, -5034356.160, -5252424.000, -10154387.040, -5824242.240, 8383143.360, -1568844.480, -6530337.600, 8803682.400, 9853317.120, 2155880.160, 397845.120, -4872936.960, 232845.120, -4072251.840, -20317759.680, -81788.640, -20621905.440, -4625847.840, -5876174.400, -22777780.800, -11481381.120, -13260967.200, -16397209.440, -31865335.680, -28656894.240, -13154794.080, -13883919.840, -21888073.920, -14081220.000, -29268138.240, -11079516.960, -16848244.320, -13992220.800, -9348601.440, -12627532.800, -19240555.200, -8824157.280, -8447284.800, -10234846.560, -8845704.480, -7319229.600, -11659778.400, -7176486.720, -8811517.440, -19111572.480, -19331222.400, -16791814.080, -10237542.720, -19892040.960, -17930678.880, -15025136.640, -20494224.480, -18812942.400, -27635610.240, -31418900.640
Fermionic Condensates[Caesarium Cadmide/Dysporite/Fluxed Condensates/Prometium], -1650825.253, -4533906.133, -1237938.453, -3869121.493, -1762018.533, -2987954.853, -2266551.093, -1564372.133, -1696540.293, -2054630.613, -2074935.893, -1429159.253, -3076523.413, 944756.187, 434881.307, -825731.893, 681408.427, -1748054.453, -647031.893, 704287.467, 226345.867, -4624658.533, 2205508.027, -141717.813, 1359106.667, -1620481.333, -1068712.773, -605012.533, -563829.653, -194059.173, 201912.427, -1432786.453, -1640435.893, -3100336.293, -1973252.853, -1827449.653, -1299032.053, -1190113.093, 961380.987, 1281948.667, -641718.213, -3764351.253, -1854413.333, -1459272.553, -1243184.213, -313607.013, -329770.533, -4314835.708, -2008277.333, -2794094.213, -1086752.853, -1131007.493, -374872.053, 513977.227, -161326.373, -392159.333, 58306.827, -774290.213, -1160581.973, -590392.053, -1253335.413, -1042287.493, -1356948.053, -1105207.093, -1144916.853, -255706.293, -372186.613, -456818.133, -1518520.213, -19143.093, -931954.133, -2481350.773, -3399395.973, -4018943.013, -2736143.893, -3810147.493, -4427688.853, -4607985.413, -3943826.933, -5268081.253, -3462331.173, -4103764.453, -2929661.733, -3536912.053, -4435460.133, -3960833.253, -3794835.813, -1264354.405, -1632063.013, -1068459.653, 518316.587, 106472.827, -275540.373, -869704.373, -792867.173, -2980056.373, 777300.347, 371513.867, 1321829.467, 97411.307, -1388585.093, 1389164.507, 285525.787, -694399.653, -854642.053, -1852382.773, -4989872.133, -2756820.293, -3599766.693, -3508062.453, -3542499.893, -3834316.853, -3036322.853, -3092282.773, -3001267.493, -2180591.173, -2603565.493, -2698024.133, -3542533.813, -2675054.613, -514262.213, -1734952.053, -679939.653, 6438.427, -1785740.053, 711617.867, -1921362.853, -78342.213, -512242.693, 827636.267, 19469.547, -1845029.493, -6299173.333, -2927878.933, -2540285.973, -3200655.573, -3427848.693, -4242561.893, -3699819.893, -5978894.613, -7328621.973, -8302239.973
Solerium, -8048588.640, -6984457.920, -6631703.520, -200544.000, -7124659.200, -6352872.960, -6028766.880, 2275621.440, 407310.720, -6924273.120, -5137215.360, -1683874.560, -2616657.600, -6381749.760, -3392808.960, -7202337.600, -5539695.840, -4522166.400, -14403611.520, -4327819.680, -14441475.360, -2165967.840, -909842.400, 604772.640, 1853668.800, -8725840.320, 1630022.400, -7961776.320, -3974157.600, 1261456.320, -1923213.600, -3031140.960, -2346973.920, 838941.120, -994814.880, -2866641.600, -226484.160, 774796.800, -1852704.000, -1197417.120, -1819325.280, -1986845.760, -1630137.600, -400026.240, -1417379.040, -3940263.360, -346771.200, -5065474.080, -566933.280, -1049100.960, -1447455.360, -1625406.720, -2031754.080, -4429888.320, -212388.480, -3596510.400, -3749281.440, -2946468.480, -3970751.040, -1783805.280, -1617235.200, -4458054.240, -4583318.400, -1922927.520, -1312671.840, -3454692.480, -6489248.640, -5022700.800, -1509449.760, 462312.960, -3444539.520, -3050934.720, -2019655.200, -1439944.320, -4437913.440, -1758640.320, -2368314.720, -11607384.960, -1852781.760, -1381932.960, -408789.120, -451571.040, -9016547.040, -10224399.360, -1050313.920, -1396060.320, -3287261.280, -9548211.840, -1046788.800, -1458879.840, 843568.320, 970775.040, -265887.360, -639853.440, -1737356.640, -4058638.080, -6567029.280, -3077091.840, -2201256.960, -2415506.880, -7590220.800, -7149882.240, -9955543.200, -9874982.880, -4173892.320, -4643647.680, -10558682.880, -5062085.760, -4609236.960, -4108005.600, -10790966.400, -4227027.360, -3554687.520, -4772063.520, -3906384.000, -9984666.720, -6292605.120, -3481491.360, -2664772.320, -3617229.120, -2444906.400, -2979662.400, -5500806.720, -270215.520, -1699554.240, -4375932.000, -3882366.240, -5933476.320, -4537227.360, -5137920.960, -4539786.240, -2219018.880, -3145308.480, -4087577.280, -10538464.320, -10212134.400, -1631002.080, -3059514.240, -11620333.920, -2418264.000, -2307565.440, -2317969.440
