Nanotransistors, 6034.0, 6019.0, 6020.0, 6397.0, 6393.0, 6288.0, 6278.0, 6100.0, 5990.0, 5794.0, 5780.0, 5699.0, 5590.0, 4707.0, 5322.0, 5100.0, 4700.0, 5043.0, 5034.0, 4993.0, 5043.0, 4900.0, 4831.0, 5150.0, 5147.0, 4900.0, 5089.0, 5047.0, 5029.0, 5048.0, 5000.0, 5031.0, 5101.0, 5032.0, 4961.0, 5108.0, 4960.0, 4931.0, 4667.0, 4992.0, 4691.0, 4625.0, 4396.0, 4368.0, 4307.0, 3900.0, 4244.0, 4130.0, 4099.0, 3979.0, 4118.0, 4116.0, 3123.0, 4080.0, 4130.0, 4109.0, 3270.0, 4109.0, 3997.0, 4000.0, 4000.0, 4035.0, 3995.0, 3996.0, 3999.0, 3897.0, 3989.0, 3986.0, 3998.0, 3990.0, 3999.0, 3999.0, 3999.0, 4034.0, 4297.0, 4099.0, 4088.0, 4098.0, 4000.0, 3998.0, 3992.0, 3997.0, 3998.0, 3999.0, 4070.0, 3993.0, 3977.0, 3978.0, 3967.0, 3962.0, 3959.0, 3962.0, 3957.0, 3972.0, 4291.0, 4199.0, 3875.0, 4116.99, 4282.0, 4198.0, 4098.0, 4039.0, 4022.0, 3976.0, 3912.0, 3445.0, 3651.0, 3797.0, 3663.0, 3661.0, 3520.0, 3772.0, 3773.0, 3742.0, 3440.0, 3701.0, 3694.0, 3700.0, 3705.0, 3705.0, 3313.0, 3730.0, 3752.0, 3756.0, 3758.0, 3776.0, 3569.0, 3772.0, 3769.0, 3695.0, 3884.0, 3967.0, 4203.0, 4199.0, 4099.0, 4259.0, 4184.0, 4279.0, 4991.0, 4597.0, 4659.0, 4657.0
Terahertz Metamaterials, 21900.0, 21870.0, 21900.0, 21070.0, 21140.0, 19100.0, 20390.0, 19410.0, 20230.0, 20200.0, 20140.0, 19470.0, 18780.0, 16000.0, 18500.0, 17250.0, 16000.0, 17580.0, 17500.0, 17520.0, 18090.0, 18690.0, 18280.0, 18000.0, 18080.0, 16000.0, 17300.0, 16500.0, 17260.0, 17080.0, 17310.0, 16390.0, 16200.0, 16120.0, 16110.0, 16200.0, 16590.0, 14000.0, 16170.0, 16930.0, 16220.0, 16300.0, 15000.0, 15150.0, 16240.0, 14910.0, 15720.0, 16140.0, 16410.0, 16420.0, 16860.0, 17890.0, 16890.0, 18030.0, 19380.0, 17460.0, 19230.0, 17950.0, 17930.0, 18740.0, 18940.0, 18690.0, 18470.0, 18350.0, 18420.0, 18150.0, 17900.0, 17900.0, 18020.0, 16790.0, 14860.0, 14710.0, 14070.0, 14050.0, 14070.0, 15620.0, 15440.0, 15240.0, 13000.0, 13700.0, 14770.0, 14460.0, 14360.0, 14640.0, 14600.0, 14470.0, 14320.0, 12900.0, 14280.0, 12900.0, 14100.0, 13640.0, 13480.0, 13410.0, 13420.0, 12970.0, 13200.0, 12960.0, 12000.0, 12730.0, 12950.0, 13700.0, 14070.0, 14020.0, 14100.0, 13960.0, 14240.0, 14180.0, 14170.0, 14010.0, 13100.0, 14100.0, 14110.0, 14330.0, 15260.0, 15190.0, 15170.0, 15190.0, 15140.0, 15100.0, 15140.0, 15250.0, 13840.0, 15490.0, 14840.0, 16090.0, 14760.0, 14150.0, 15990.0, 16000.0, 16150.0, 15500.0, 14850.0, 15760.0, 14780.0, 15660.0, 15650.0, 15720.0, 15720.0, 15650.0, 15660.0, 15680.0
Sylramic Fibers, 350.0, 346.2, 377.8, 370.0, 414.8, 379.5, 360.1, 358.3, 352.0, 370.0, 349.4, 345.6, 329.9, 344.7, 339.0, 338.1, 345.7, 369.0, 368.2, 367.9, 355.0, 367.2, 356.1, 333.8, 360.0, 359.8, 353.3, 367.4, 367.4, 389.9, 389.2, 456.0, 586.2, 456.5, 426.0, 472.7, 416.9, 440.6, 419.6, 417.5, 390.0, 392.3, 380.4, 379.6, 370.0, 366.9, 358.8, 346.4, 353.5, 349.9, 344.7, 342.4, 339.9, 323.2, 321.5, 309.4, 308.5, 305.1, 305.6, 322.0, 323.5, 316.0, 315.0, 315.9, 316.0, 319.0, 341.0, 336.9, 341.8, 338.5, 379.6, 381.1, 372.5, 374.5, 372.5, 367.3, 363.4, 363.3, 349.5, 358.0, 336.5, 331.9, 313.9, 315.8, 314.7, 293.3, 299.7, 299.5, 294.6, 292.9, 302.7, 298.3, 298.5, 325.0, 319.7, 303.4, 314.8, 314.0, 326.7, 328.0, 310.4, 323.5, 294.0, 330.6, 334.7, 307.7, 337.9, 332.0, 317.0, 324.4, 324.2, 320.0, 333.0, 347.0, 379.1, 338.6, 369.8, 348.1, 344.5, 313.6, 357.2, 335.0, 314.1, 330.0, 320.0, 329.8, 324.7, 325.0, 328.6, 314.0, 301.1, 314.1, 300.0, 300.0, 308.4, 308.9, 285.2, 328.4, 329.2, 306.9, 309.5, 308.0
Titanium, 4520.0, 4780.0, 4181.0, 4454.0, 4500.0, 4740.0, 4724.0, 4730.0, 4775.0, 4705.0, 4702.0, 5150.0, 5144.0, 4650.0, 4702.0, 5228.0, 5981.0, 5140.0, 4824.0, 4820.0, 4657.0, 5002.0, 5698.0, 5305.0, 5387.0, 5297.0, 4850.0, 5000.0, 5289.0, 4833.0, 5200.0, 4901.0, 5018.0, 4730.0, 4702.0, 4635.0, 4500.0, 4412.0, 5000.0, 5191.0, 5788.0, 5202.0, 4514.0, 4594.0, 5100.0, 4531.0, 4447.0, 4920.0, 4529.0, 4478.0, 4477.0, 4529.0, 4045.0, 4000.0, 4288.0, 4386.0, 4298.0, 3960.0, 4520.0, 4008.0, 4005.0, 4009.0, 3917.0, 3946.0, 4494.0, 4519.0, 4287.0, 4500.0, 4529.0, 4300.0, 4900.0, 4802.0, 5278.0, 5502.0, 5597.0, 5360.0, 5356.0, 5027.0, 5245.0, 5538.0, 5730.0, 5715.0, 5300.0, 5255.0, 5262.0, 5287.0, 4824.0, 4308.0, 4203.0, 4102.0, 4026.0, 3833.0, 4169.0, 4079.0, 3740.0, 3714.0, 3309.0, 3494.0, 3400.0, 3300.0, 3630.0, 3650.0, 3693.0, 4342.0, 4656.0, 5359.0, 4921.0, 5370.0, 4951.0, 4973.0, 5290.0, 5059.0, 4951.0, 5271.0, 5065.0, 5289.0, 5367.0, 4906.0, 4900.0, 5439.0, 4891.0, 5195.0, 5029.0, 5243.0, 5244.0, 4970.0, 5100.0, 4900.0, 5000.0, 4923.0, 5420.0, 5700.0, 5900.0, 5950.0, 5842.0, 5988.0, 5998.0, 5987.0, 5472.0, 6196.0, 6190.0, 6389.0
Evaporite Deposits, 1220.0, 1337.0, 1247.0, 1300.0, 1156.0, 1250.0, 1251.0, 1166.0, 1145.0, 1297.0, 1250.0, 1250.0, 1200.0, 1161.0, 1171.0, 1248.0, 1248.0, 1230.0, 1216.0, 1216.0, 1216.0, 1220.0, 1235.0, 1379.0, 1110.0, 1200.0, 1200.0, 1330.0, 1207.0, 1350.0, 1340.0, 1330.0, 1325.0, 1338.0, 1276.0, 1311.0, 1375.0, 1389.0, 1527.0, 1578.0, 1554.0, 1578.0, 1450.0, 1450.0, 1449.0, 1461.0, 1639.0, 1633.0, 1652.0, 1805.0, 1950.0, 1884.0, 1815.0, 1703.0, 1730.0, 1753.0, 2169.0, 1949.0, 2066.0, 2271.0, 2255.0, 1895.0, 1712.0, 1779.0, 1889.0, 1741.0, 1762.0, 1890.0, 1791.0, 1471.0, 1500.0, 1624.0, 1553.0, 1623.0, 1627.0, 1605.0, 1573.0, 1740.0, 1680.0, 1598.0, 1300.0, 1698.0, 1400.0, 1382.0, 1417.0, 1233.0, 1219.0, 1179.0, 1083.0, 949.96, 1145.0, 960.1, 1100.0, 1089.0, 970.1, 1001.0, 999.9, 995.1, 1019.0, 1092.0, 1076.0, 1076.0, 1095.0, 1188.0, 1292.0, 1212.0, 1226.0, 1228.0, 1109.0, 1109.0, 1109.0, 999.0, 928.3, 1070.0, 977.2, 918.4, 950.2, 1209.0, 1064.0, 1038.0, 979.9, 1039.0, 1155.0, 1173.0, 1185.0, 1003.0, 994.3, 1000.0, 1140.0, 1178.0, 1147.0, 1073.0, 1085.0, 1096.0, 1093.0, 964.3, 1138.0, 1165.0, 1017.0, 1067.0, 1129.0, 1081.0
Chromium, 9204.0, 10200.0, 9402.0, 10280.0, 10550.0, 10000.0, 9785.0, 9641.0, 10240.0, 10240.0, 9119.0, 9653.0, 10250.0, 10050.0, 9751.0, 11000.0, 10060.0, 10530.0, 10610.0, 10500.0, 10700.0, 10070.0, 9901.0, 9210.0, 9785.0, 8905.0, 8900.0, 8113.0, 9150.0, 8114.0, 8600.0, 9907.0, 9972.0, 9909.0, 10610.0, 10310.0, 9608.0, 9251.0, 9756.0, 9187.0, 9187.0, 8998.0, 8738.0, 8739.0, 9565.0, 9000.0, 8859.0, 8843.0, 8833.0, 9021.0, 9308.0, 9013.0, 9050.0, 9200.0, 9100.0, 9110.0, 9075.0, 9120.0, 8902.0, 9350.0, 9790.0, 10040.0, 10060.0, 10510.0, 9567.0, 8921.0, 8904.0, 9680.0, 9100.0, 8800.0, 8652.0, 9052.0, 9640.0, 9606.0, 9710.0, 9331.0, 9404.0, 9670.0, 9740.0, 9791.0, 9796.0, 9695.0, 9607.0, 9509.0, 9536.0, 9529.0, 9682.0, 9595.0, 9500.0, 9910.0, 9603.0, 9945.0, 9690.0, 9657.0, 9667.0, 9810.0, 9022.0, 9268.0, 8030.0, 8490.0, 7923.0, 7943.0, 8015.0, 7605.0, 8249.0, 9324.0, 8411.0, 8940.0, 8713.0, 8712.0, 8632.0, 8500.0, 8537.0, 8797.0, 8609.0, 8735.0, 8043.0, 8200.0, 7900.0, 7855.0, 7847.0, 7803.0, 7350.0, 7890.0, 8000.0, 7710.0, 7516.0, 7339.0, 7600.0, 7500.0, 8850.0, 9280.0, 9369.0, 10400.0, 12020.0, 12120.0, 12690.0, 13140.0, 13230.0, 13600.0, 13130.0, 13120.0
Vanadium Hafnite, 14460.0, 14450.0, 11550.0, 12080.0, 11580.0, 14300.0, 14230.0, 13920.0, 14210.0, 14180.0, 14190.0, 14190.0, 14220.0, 14200.0, 13190.0, 13190.0, 14760.0, 16590.0, 13960.0, 13970.0, 12150.0, 16920.0, 11240.0, 16920.0, 16990.0, 11570.0, 10640.0, 10640.0, 16330.0, 11140.0, 13980.0, 11480.0, 12690.0, 12660.0, 12300.0, 11490.0, 11440.0, 10700.0, 10610.0, 11420.0, 10600.0, 11380.0, 11380.0, 11380.0, 10610.0, 10610.0, 5780.0, 10930.0, 9400.0, 9236.0, 9234.0, 7024.0, 9242.0, 9373.0, 9373.0, 9499.0, 10930.0, 10920.0, 10920.0, 12450.0, 11300.0, 14440.0, 12950.0, 6250.0, 13930.0, 13930.0, 12770.0, 6467.0, 6603.0, 11230.0, 10390.0, 10420.0, 10430.0, 11650.0, 11260.0, 7876.0, 7874.0, 10830.0, 10810.0, 10760.0, 10570.0, 10840.0, 10790.0, 8572.0, 8631.0, 9979.0, 9980.0, 9392.0, 10700.0, 9121.0, 9990.0, 10680.0, 10600.0, 9236.0, 10530.0, 10490.0, 8005.0, 10000.0, 8449.99, 10250.0, 10250.0, 8530.0, 6896.0, 6902.0, 6889.0, 9464.0, 9443.0, 10200.0, 11680.0, 11370.0, 11100.0, 9012.0, 9151.0, 10800.0, 9260.0, 10000.0, 7995.0, 7907.0, 8990.0, 6934.0, 7940.0, 7899.0, 6934.0, 7490.0, 6957.0, 6895.0, 6897.0, 6840.0, 6850.0, 6850.0, 6850.0, 6850.0, 7600.0, 8790.0, 9400.0, 7523.0, 9991.0, 10670.0, 8790.0, 10740.0, 12430.0, 12300.0
Platinum, 13000.0, 12220.0, 12450.0, 13160.0, 12760.0, 14830.0, 13770.0, 13190.0, 13250.0, 13020.0, 12850.0, 12940.0, 13000.0, 13700.0, 14350.0, 14340.0, 14780.0, 14150.0, 15690.0, 14950.0, 14170.0, 14140.0, 13320.0, 14220.0, 13080.0, 13420.0, 13000.0, 12890.0, 12830.0, 10250.0, 11680.0, 11990.0, 12030.0, 12220.0, 12100.0, 12340.0, 11740.0, 11700.0, 11800.0, 12400.0, 12100.0, 11450.0, 11750.0, 11000.0, 10500.0, 10120.0, 11710.0, 11130.0, 11800.0, 11070.0, 10970.0, 11150.0, 8351.0, 10840.0, 11250.0, 11310.0, 11380.0, 11630.0, 11640.0, 9000.0, 11930.0, 11710.0, 11300.0, 11340.0, 11650.0, 10940.0, 11350.0, 11370.0, 10940.0, 10590.0, 10170.0, 10110.0, 11000.0, 11110.0, 11040.0, 11650.0, 11790.0, 11880.0, 12320.0, 11610.0, 11610.0, 11480.0, 11000.0, 11010.0, 10000.0, 9791.0, 9028.0, 7324.0, 7559.0, 7734.0, 7650.0, 7403.0, 7995.0, 7719.0, 7931.0, 7714.0, 7422.0, 7820.0, 7335.0, 7824.0, 10800.0, 9456.0, 9564.0, 9802.0, 10210.0, 9781.0, 9400.0, 9231.0, 9000.0, 8950.0, 8990.0, 8990.0, 8607.0, 8755.0, 8750.0, 8382.0, 8325.0, 8680.0, 8560.0, 8000.0, 8488.0, 7960.0, 8448.0, 8274.0, 8185.0, 8078.0, 7705.0, 7680.0, 7997.0, 7800.0, 7825.0, 8540.0, 8303.0, 8607.0, 8866.0, 9400.0, 9054.0, 10530.0, 10750.0, 10580.0, 10430.0, 10350.0
Dysprosium, 76830.0, 82000.0, 80000.0, 78960.0, 77110.0, 82000.0, 83970.0, 81110.0, 80000.0, 81100.0, 80140.0, 80000.0, 87450.0, 84700.0, 81320.0, 86900.0, 84130.0, 80000.0, 86130.0, 78130.0, 79580.0, 82900.0, 78000.0, 82390.0, 70030.0, 76180.0, 75110.0, 77220.0, 77300.0, 73000.0, 74010.0, 80990.0, 82140.0, 78800.0, 82020.0, 78720.0, 72020.0, 77200.0, 77100.0, 72340.0, 77990.0, 81850.0, 78390.0, 75520.0, 78280.0, 76060.0, 74320.0, 76790.0, 75520.0, 76140.0, 76850.0, 76020.0, 76020.0, 78400.0, 82020.0, 81980.0, 81270.0, 82020.0, 80740.0, 82100.0, 83100.0, 83080.0, 80700.0, 79600.0, 81060.0, 79500.0, 81070.0, 80740.0, 80600.0, 81950.0, 80630.0, 80800.0, 80980.0, 82060.0, 75540.0, 75740.0, 75700.0, 80250.0, 75830.0, 79990.0, 79990.0, 79070.0, 76780.0, 75220.0, 75250.0, 78980.0, 78330.0, 72970.0, 76150.0, 70600.0, 67150.0, 68020.0, 72230.0, 72180.0, 72980.0, 75260.0, 72100.0, 68710.0, 66420.0, 70900.0, 69000.0, 65270.0, 68140.0, 73790.0, 70150.0, 69450.0, 69000.0, 68590.0, 71500.0, 71440.0, 68360.0, 68630.0, 68370.0, 67130.0, 66290.0, 62060.0, 66810.0, 69790.0, 68000.0, 61910.0, 64790.0, 64470.0, 60690.0, 59340.0, 59750.0, 56420.0, 61000.0, 61310.0, 64000.0, 61450.0, 61050.0, 67900.0, 69780.0, 69200.0, 69360.0, 70830.0, 70900.0, 70800.0, 70900.0, 74500.0, 69230.0, 74550.0
Caesium, 16290.0, 14060.0, 14450.0, 14000.0, 13960.0, 13630.0, 13450.0, 12010.0, 13600.0, 14170.0, 13150.0, 15000.0, 15470.0, 13740.0, 12120.0, 15450.0, 14370.0, 15390.0, 15190.0, 15180.0, 15320.0, 12590.0, 15370.0, 15370.0, 13300.0, 14090.0, 14400.0, 14250.0, 14150.0, 15230.0, 15100.0, 14430.0, 13540.0, 13170.0, 14980.0, 14720.0, 15490.0, 14640.0, 14200.0, 14020.0, 14800.0, 15870.0, 15060.0, 16480.0, 16660.0, 14780.0, 15950.0, 16370.0, 15880.0, 16100.0, 16160.0, 16640.0, 16850.0, 15930.0, 14540.0, 16590.0, 15750.0, 15800.0, 16460.0, 16270.0, 16250.0, 16420.0, 16400.0, 16220.0, 16400.0, 16200.0, 19840.0, 17360.0, 16680.0, 14500.0, 16410.0, 15560.0, 16900.0, 16220.0, 16550.0, 16870.0, 17530.0, 15690.0, 16420.0, 15950.0, 14650.0, 14800.0, 14470.0, 14300.0, 14250.0, 14630.0, 14460.0, 13690.0, 10610.0, 10450.0, 8109.0, 8306.0, 9999.0, 10370.0, 11500.0, 13500.0, 12110.0, 12610.0, 12390.0, 11910.0, 12780.0, 12210.0, 12800.0, 13100.0, 13550.0, 13210.0, 13160.0, 13940.0, 13630.0, 13030.0, 13460.0, 13400.0, 12560.0, 13770.0, 12920.0, 12770.0, 12780.0, 12650.0, 12110.0, 13300.0, 11900.0, 12630.0, 11760.0, 9612.0, 10900.0, 11890.0, 11490.0, 12380.0, 12180.0, 13000.0, 13270.0, 12500.0, 13500.0, 13610.0, 13330.0, 12900.0, 12340.0, 13570.0, 13550.0, 13160.0, 13480.0, 13500.0
Thulium, 38800.0, 41170.0, 38570.0, 37020.0, 40190.0, 38130.0, 40180.0, 37090.0, 39800.0, 37150.0, 37020.0, 37990.0, 38410.0, 35820.0, 33500.0, 33000.0, 33000.0, 33600.0, 35500.0, 32170.0, 34250.0, 30290.0, 32450.0, 34080.0, 33950.0, 34000.0, 34230.0, 34000.0, 32000.0, 33000.0, 35410.0, 33910.0, 36350.0, 36350.0, 36000.0, 39770.0, 36300.0, 36170.0, 32960.0, 33360.0, 33160.0, 33640.0, 33000.0, 36890.0, 33490.0, 28040.0, 31180.0, 31340.0, 33590.0, 32000.0, 30090.0, 32970.0, 30100.0, 27000.0, 27480.0, 30940.0, 27000.0, 25540.0, 27040.0, 27540.0, 30000.0, 30660.0, 29080.0, 29580.0, 31840.0, 28000.0, 31480.0, 31560.0, 31800.0, 29790.0, 31020.0, 31060.0, 31180.0, 31850.0, 31840.0, 29310.0, 30880.0, 30850.0, 28000.0, 29800.0, 29900.0, 31780.0, 30530.0, 30830.0, 29990.0, 30600.0, 33780.0, 30010.0, 29000.0, 28990.0, 25580.0, 25300.0, 25090.0, 25940.0, 25160.0, 25160.0, 21000.0, 22620.0, 21420.0, 21460.0, 21710.0, 21550.0, 22990.0, 24540.0, 24420.0, 24670.0, 23110.0, 26350.0, 27480.0, 27520.0, 26500.0, 30400.0, 26780.0, 29990.0, 28030.0, 28020.0, 28240.0, 23690.0, 26500.0, 27210.0, 23000.0, 26430.0, 22920.0, 23990.0, 24570.0, 23600.0, 23430.0, 26480.0, 26500.0, 24800.0, 24780.0, 26200.0, 26450.0, 25520.0, 25210.0, 25990.0, 25100.0, 25400.0, 25590.0, 27210.0, 26250.0, 30740.0
Fernite Alloy, 10260.0, 10160.0, 10070.0, 8028.0, 8029.0, 8021.0, 8721.0, 9000.0, 8900.0, 8021.0, 6119.0, 8599.0, 8590.0, 8590.0, 8188.0, 8190.0, 4223.0, 7999.0, 7996.0, 4291.0, 7486.0, 7472.0, 7488.0, 7484.0, 7229.0, 7484.0, 7800.0, 4721.0, 7020.0, 7003.0, 6998.0, 6993.0, 5126.0, 7020.0, 5301.0, 6800.0, 7020.0, 7019.0, 7018.0, 5751.0, 6943.0, 6995.0, 6976.0, 6981.0, 6988.0, 7020.0, 4800.0, 7793.0, 7000.0, 7655.0, 7660.0, 7659.0, 7990.0, 6613.0, 7977.0, 5025.0, 7973.0, 7967.0, 7967.0, 7968.0, 7966.0, 6369.0, 7946.0, 7999.0, 7000.0, 8135.0, 7000.0, 6900.0, 6160.0, 7520.0, 7600.0, 6005.0, 7600.0, 7600.0, 7939.0, 6036.0, 6036.0, 6056.0, 7597.0, 7597.0, 7597.0, 7597.0, 6700.0, 7449.0, 7448.0, 7490.0, 6501.0, 6610.0, 6000.0, 4633.0, 5998.0, 6000.0, 4666.0, 5116.0, 5990.0, 5990.0, 6000.0, 5900.0, 5998.0, 5999.0, 5710.0, 6000.0, 6000.0, 5302.0, 6000.0, 6000.0, 5898.0, 6000.0, 7194.0, 7193.0, 7403.0, 7900.0, 6234.0, 8113.0, 8113.0, 6325.0, 4802.0, 6000.0, 2928.0, 7983.0, 7983.0, 7995.0, 8099.0, 8094.0, 4812.0, 4250.0, 8083.0, 4284.0, 7993.0, 4313.0, 4324.0, 7958.0, 4347.0, 7942.0, 5500.0, 5516.0, 7876.0, 5806.0, 7500.0, 7798.0, 6109.0, 7793.0
Platinum Technite, 20880.0, 20840.0, 20770.0, 20670.0, 20630.0, 20800.0, 20630.0, 21000.0, 25430.0, 19770.0, 19770.0, 20900.0, 20900.0, 24340.0, 22900.0, 22990.0, 19220.0, 20570.0, 20320.0, 19490.0, 16230.0, 18870.0, 18980.0, 20000.0, 19990.0, 16640.0, 16560.0, 20000.0, 19980.0, 19900.0, 17510.0, 16590.0, 16400.0, 19950.0, 16390.0, 15780.0, 19730.0, 19690.0, 18020.0, 15830.0, 15800.0, 18890.0, 19730.0, 12010.0, 13140.0, 13710.0, 18410.0, 17300.0, 15390.0, 15440.0, 14500.0, 18650.0, 18600.0, 13510.0, 18650.0, 18590.0, 18530.0, 18480.0, 17990.0, 16500.0, 14390.0, 13400.0, 17770.0, 16000.0, 15910.0, 12670.0, 14690.0, 15920.0, 12680.0, 13100.0, 12750.0, 16380.0, 16230.0, 16400.0, 12730.0, 12630.0, 14780.0, 10000.0, 14750.0, 10110.0, 14800.0, 14750.0, 13100.0, 11860.0, 12500.0, 16100.0, 12160.0, 15270.0, 15300.0, 14590.0, 15180.0, 15160.0, 14590.0, 13570.0, 13100.0, 12240.0, 13000.0, 13980.0, 11270.0, 11290.0, 13400.0, 11290.0, 11290.0, 10080.0, 10080.0, 10050.0, 10960.0, 11000.0, 8061.0, 12600.0, 8000.0, 11000.0, 11320.0, 11240.0, 8069.0, 10900.0, 10840.0, 10840.0, 8080.0, 10750.0, 8000.0, 10520.0, 10500.0, 10450.0, 9980.0, 9073.0, 10000.0, 10000.0, 10000.0, 10250.0, 10250.0, 10200.0, 10250.0, 10990.0, 11000.0, 10980.0, 12790.0, 8000.0, 12790.0, 13030.0, 11900.0, 11900.0
Carbon Polymers, 2041.0, 1512.0, 1987.0, 2010.0, 1877.0, 1898.0, 1898.0, 2007.0, 1520.0, 1520.0, 1750.0, 1614.0, 1750.0, 1890.0, 1476.0, 1637.0, 1476.0, 1820.0, 1231.0, 2199.0, 1488.0, 2195.0, 2199.0, 2188.0, 2000.0, 2150.0, 2152.0, 2183.0, 2199.0, 1810.0, 1509.0, 1997.0, 1517.0, 1525.0, 1975.0, 1528.0, 1668.0, 1688.0, 1687.0, 1415.0, 1660.0, 1660.0, 1686.0, 1680.0, 1650.0, 1452.0, 1650.0, 1475.0, 1688.0, 1680.0, 1897.0, 1600.0, 1511.0, 1266.0, 1888.0, 1887.0, 1888.0, 1506.0, 1885.0, 1883.0, 1243.0, 1882.0, 1680.0, 1879.0, 1878.0, 1775.0, 1600.0, 1692.0, 1600.0, 1670.0, 1320.0, 1880.0, 1883.0, 1883.0, 1882.0, 1868.0, 1867.0, 1868.0, 1293.0, 1302.0, 1831.0, 1316.0, 1405.0, 1504.0, 1237.0, 1229.0, 1475.0, 1495.0, 1230.0, 1234.0, 1233.0, 1495.0, 1233.0, 1229.0, 1231.0, 1397.0, 1253.0, 1400.0, 1400.0, 1221.0, 1218.0, 1443.0, 1300.0, 1231.0, 1230.0, 1438.0, 1437.0, 1492.0, 1650.0, 1608.0, 1613.0, 1600.0, 2200.0, 2113.0, 2113.0, 1328.0, 1337.0, 2092.0, 1343.0, 1345.0, 1746.0, 2197.0, 2089.0, 1351.0, 1995.0, 1343.0, 1743.0, 1749.0, 1801.0, 1738.0, 1736.0, 1730.0, 1720.0, 1728.0, 1347.0, 1346.0, 1711.0, 1696.0, 1716.0, 1748.0, 1650.0, 1749.0
Hexite, 12970.0, 10210.0, 12910.0, 9423.0, 12000.0, 13750.0, 13770.0, 9019.0, 13910.0, 13920.0, 9263.0, 12000.0, 9365.0, 14480.0, 14810.0, 12390.0, 13490.0, 13520.0, 13100.0, 14610.0, 14590.0, 14500.0, 14720.0, 14320.0, 14730.0, 11500.0, 14730.0, 14650.0, 14700.0, 14490.0, 13640.0, 15470.0, 15190.0, 15920.0, 14000.0, 19220.0, 18700.0, 18650.0, 13320.0, 12130.0, 12129.78, 14500.0, 14000.0, 12130.0, 11020.0, 9760.0, 9340.0, 12100.0, 12150.0, 17300.0, 15010.0, 17310.0, 17250.0, 17190.0, 16940.0, 18000.0, 15000.0, 12550.0, 9011.0, 15870.0, 9026.0, 11900.0, 9039.0, 11200.0, 11580.0, 11500.0, 9114.0, 9102.0, 10970.0, 9077.0, 9072.0, 10700.0, 10700.0, 10900.0, 10890.0, 14940.0, 18410.0, 11960.0, 14670.0, 13790.0, 13990.0, 14610.0, 13070.0, 14000.0, 13080.0, 12500.0, 12510.0, 13830.0, 13800.0, 12380.0, 12380.0, 13380.0, 13540.0, 12990.0, 13200.0, 13200.0, 13190.0, 12790.0, 9000.0, 12690.0, 12370.0, 9008.0, 9009.0, 9900.0, 12050.0, 11970.0, 9251.0, 9283.0, 10630.0, 10760.0, 10750.0, 9151.0, 10740.0, 10730.0, 11000.0, 8300.0, 8110.0, 10690.0, 10680.0, 10000.0, 10000.0, 9920.0, 9999.0, 8151.0, 8102.0, 8500.0, 8500.0, 7022.0, 10680.0, 10680.0, 11950.0, 9250.0, 12090.0, 10700.0, 9328.0, 11900.0, 12150.0, 11500.0, 9421.0, 12410.0, 12410.0, 12420.0
Titanium Carbide, 167.0, 164.3, 170.0, 152.1, 165.9, 161.0, 158.0, 149.5, 152.5, 155.0, 165.2, 166.5, 160.9, 183.8, 174.9, 164.3, 166.1, 164.9, 163.4, 148.0, 157.6, 152.6, 161.9, 157.7, 155.0, 152.0, 156.6, 158.0, 159.9, 171.5, 162.0, 162.5, 163.9, 160.5, 161.1, 159.9, 151.0, 149.2, 166.8, 166.4, 163.1, 149.9, 158.0, 163.1, 163.9, 160.8, 161.2, 152.5, 158.0, 160.5, 160.0, 156.7, 163.0, 166.0, 167.1, 145.0, 154.1, 151.5, 151.4, 169.0, 162.6, 162.0, 161.7, 158.7, 179.9, 172.6, 186.1, 180.0, 176.4, 164.7, 155.0, 162.0, 156.2, 149.6, 152.9, 169.4, 156.7, 157.5, 163.0, 173.8, 161.0, 174.4, 169.6, 164.1, 162.6, 143.7, 151.7, 150.5, 132.0, 143.7, 143.7, 138.8, 136.3, 140.2, 135.2, 147.3, 145.8, 138.1, 161.4, 172.8, 171.4, 167.9, 167.7, 167.9, 164.1, 163.2, 161.2, 140.3, 149.9, 142.7, 146.7, 146.0, 154.5, 157.1, 156.0, 160.8, 151.0, 145.5, 148.0, 133.1, 140.6, 140.8, 139.5, 138.6, 139.1, 137.4, 148.4, 149.0, 165.0, 154.1, 163.3, 162.9, 158.0, 154.0, 161.1, 160.5, 163.6, 188.5, 174.9, 162.0, 179.7, 179.7
Dysporite, 39010.0, 40060.0, 40140.0, 50930.0, 53030.0, 48010.0, 53450.0, 53930.0, 53990.0, 54000.0, 40970.0, 54000.0, 55000.0, 55000.0, 53860.0, 45290.0, 51400.0, 51430.0, 51390.0, 51390.0, 51370.0, 51390.0, 51430.0, 51420.0, 51430.0, 42490.0, 51420.0, 42650.0, 51980.0, 51970.0, 44070.0, 42810.0, 43520.0, 51870.0, 51870.0, 51910.0, 51920.0, 49990.0, 49960.0, 45010.0, 45000.0, 49950.0, 49000.0, 49000.0, 43690.0, 36000.0, 47600.0, 43000.0, 45000.0, 45000.0, 42000.0, 43000.0, 44990.0, 36050.0, 44990.0, 47700.0, 40220.0, 47680.0, 40310.0, 40220.0, 40220.0, 51890.0, 35110.0, 35120.0, 51920.0, 51930.0, 51920.0, 35330.0, 51200.0, 37680.0, 51920.0, 37950.0, 51200.0, 51800.0, 51790.0, 51750.0, 51730.0, 39970.0, 50940.0, 50900.0, 36140.0, 48420.0, 35330.0, 44980.0, 41580.0, 41580.0, 41570.0, 39870.4, 41590.0, 42330.0, 44960.0, 44900.0, 44890.0, 44020.0, 44010.0, 39000.0, 34130.0, 40000.0, 44830.0, 44820.0, 34560.0, 34620.0, 43580.0, 34880.0, 43310.0, 43200.0, 35160.0, 35760.0, 43090.0, 35960.0, 35980.0, 42470.0, 42310.0, 36800.0, 41880.0, 42300.0, 39100.0, 42290.0, 41990.0, 42000.0, 42000.0, 41990.0, 37510.0, 41490.0, 41440.0, 41480.0, 41480.0, 38340.0, 41400.0, 41400.0, 40170.0, 41400.0, 41400.0, 41400.0, 41300.0, 40170.0, 41490.0, 43260.0, 37300.0, 41290.0, 41290.0, 35020.0
Oxygen Fuel Block, 17710.0, 17500.0, 17470.0, 17200.0, 17480.0, 17000.0, 17470.0, 17440.0, 17480.0, 17350.0, 17300.0, 17100.0, 17100.0, 17000.0, 17140.0, 17100.0, 17190.0, 17000.0, 17080.0, 17130.0, 17170.0, 16990.0, 16930.0, 16910.0, 16800.0, 16800.0, 16800.0, 16880.0, 16850.0, 16900.0, 16850.0, 16770.0, 16830.0, 16600.0, 16530.0, 16500.0, 16500.0, 16580.0, 16480.0, 16430.0, 16490.0, 16500.0, 16440.0, 16460.0, 16490.0, 16460.0, 16220.0, 16270.0, 16270.0, 17190.0, 16600.0, 16460.0, 16630.0, 16620.0, 16680.0, 16700.0, 16390.0, 16680.0, 16700.0, 16630.0, 16400.0, 17190.0, 20200.0, 19970.0, 19850.0, 19860.0, 19960.0, 18800.0, 19010.0, 19440.0, 20080.0, 19980.0, 19650.0, 20000.0, 19990.0, 19800.0, 19790.0, 19480.0, 19660.0, 19590.0, 19600.0, 19290.0, 18650.0, 18700.0, 18500.0, 18990.0, 18590.0, 18660.0, 18900.0, 18790.0, 17140.0, 18340.0, 18580.0, 18300.0, 18650.0, 18680.0, 18690.0, 19080.0, 18960.0, 18780.0, 18740.0, 18980.0, 18990.0, 19290.0, 19090.0, 18900.0, 18900.0, 18920.0, 18850.0, 18790.0, 18680.0, 18490.0, 18430.0, 18390.0, 18420.0, 18850.0, 18240.0, 18210.0, 18070.0, 18200.0, 18190.0, 18000.0, 17900.0, 18030.0, 17900.0, 17910.0, 17930.0, 18050.0, 18150.0, 18220.0, 18240.0, 18680.0, 18800.0, 18980.0, 19020.0, 18960.0, 19030.0, 19040.0, 19030.0, 19100.0, 19440.0, 19490.0
Ferrogel, 39500.0, 39420.0, 39420.0, 39440.0, 40860.0, 40850.0, 40760.0, 37500.0, 40630.0, 38000.0, 40240.0, 39690.0, 39480.0, 39150.0, 39270.0, 37020.0, 39280.0, 37890.0, 37990.0, 37950.0, 37880.0, 36010.0, 37710.0, 36960.0, 36950.0, 36390.0, 36690.0, 35920.0, 35660.0, 35550.0, 35490.0, 36360.0, 36450.0, 35600.0, 36930.0, 36810.0, 34640.0, 35600.0, 35580.0, 35450.0, 34420.0, 33810.0, 33330.0, 33200.0, 32590.0, 32460.0, 31520.0, 33090.0, 35090.0, 33920.0, 34830.0, 34560.0, 33000.0, 33860.0, 33830.0, 33390.0, 33450.0, 33390.0, 32900.0, 31950.0, 33480.0, 31660.0, 32340.0, 31900.0, 31270.0, 30910.0, 30200.0, 30140.0, 30170.0, 29980.0, 29900.0, 29810.0, 29760.0, 29280.0, 29040.0, 28790.0, 28880.0, 28750.0, 28750.0, 28220.0, 29600.0, 29450.0, 29370.0, 29010.0, 29990.0, 30020.0, 29970.0, 33090.0, 33000.0, 31930.0, 32960.0, 32020.0, 32730.0, 32580.0, 32490.0, 30400.0, 29120.0, 29960.0, 29690.0, 28400.0, 28340.0, 28340.0, 29520.0, 31300.0, 31080.0, 28470.0, 30590.0, 30210.0, 28900.0, 30000.0, 29630.0, 29620.0, 30000.0, 30010.0, 30100.0, 28000.0, 29830.0, 29950.0, 30030.0, 28820.0, 29990.0, 29500.0, 29470.0, 30070.0, 30220.0, 30250.0, 28770.0, 30560.0, 30500.0, 30400.0, 31000.0, 30100.0, 31690.0, 31640.0, 31540.0, 31350.0, 31240.0, 31190.0, 31200.0, 31430.0, 31390.0, 31330.0
Nonlinear Metamaterials, 25390.0, 24960.0, 24780.0, 24750.0, 23990.0, 22970.0, 22050.0, 22000.0, 22000.0, 23290.0, 22620.0, 22570.0, 22070.0, 21000.0, 20990.0, 20000.0, 21000.0, 19560.0, 19960.0, 18120.0, 19990.0, 18160.0, 19960.0, 20000.0, 21120.0, 18210.0, 20390.0, 18000.0, 19730.0, 19800.0, 16600.0, 19490.0, 19460.0, 19460.0, 19460.0, 20280.0, 17100.0, 20120.0, 20070.0, 21870.0, 19190.0, 21940.0, 19000.0, 21160.0, 23050.0, 23090.0, 23020.0, 21000.0, 22890.0, 24630.0, 22540.0, 24100.0, 22540.0, 22480.0, 22260.0, 21000.0, 21500.0, 20020.0, 21340.0, 21150.0, 21100.0, 20990.0, 21550.0, 21960.0, 22250.0, 22260.0, 23000.0, 23370.0, 23920.0, 23620.0, 23130.0, 23050.0, 22980.0, 22500.0, 22680.0, 22210.0, 22640.0, 22410.0, 22160.0, 20980.0, 19850.0, 19750.0, 20930.0, 20860.0, 20820.0, 20690.0, 20150.0, 18860.0, 18200.0, 17940.0, 18010.0, 18030.0, 18030.0, 17950.0, 19780.0, 18080.0, 18300.0, 18420.0, 18200.0, 19990.0, 19990.0, 20000.0, 20050.0, 20020.0, 19950.0, 20070.0, 20100.0, 20160.0, 20170.0, 20130.0, 20140.0, 22300.0, 22770.0, 23380.0, 22010.0, 24190.0, 22830.0, 23410.0, 20800.0, 19990.0, 17000.0, 21400.0, 20980.0, 19330.0, 21110.0, 20970.0, 20670.0, 20000.0, 20230.0, 20100.0, 21040.0, 21380.0, 21960.0, 19610.0, 21350.0, 20010.0, 20460.0, 20450.0, 21970.0, 22480.0, 20170.0, 22320.0
Phenolic Composites, 1920.0, 1912.0, 1900.0, 1833.0, 1907.0, 1874.0, 1860.0, 1841.0, 1832.0, 1798.0, 1744.0, 1694.0, 1640.0, 1497.0, 1480.0, 1468.0, 1484.0, 1513.0, 1650.0, 1686.0, 1753.0, 1625.0, 1700.0, 1798.0, 1772.0, 1721.0, 1681.0, 1682.0, 1669.0, 1672.0, 1648.0, 1609.0, 1588.0, 1591.0, 1569.0, 1567.0, 1432.0, 1424.0, 1492.0, 1480.0, 1450.0, 1470.0, 1525.0, 1604.0, 1570.0, 1567.0, 1563.0, 1555.0, 1585.0, 1638.0, 1638.0, 1663.0, 1589.0, 1627.0, 1611.0, 1601.0, 1607.0, 1604.0, 1632.0, 1650.0, 1685.0, 1732.0, 1750.0, 1740.0, 1690.0, 1630.0, 1617.0, 1619.0, 1602.0, 1600.0, 1570.0, 1653.0, 1599.0, 1620.0, 1619.0, 1651.0, 1654.0, 1659.0, 1649.0, 1611.0, 1559.0, 1547.0, 1534.0, 1498.0, 1494.0, 1485.0, 1444.0, 1471.0, 1477.0, 1479.0, 1541.0, 1473.0, 1529.0, 1535.0, 1533.0, 1519.0, 1506.0, 1486.0, 1457.0, 1487.0, 1475.0, 1498.0, 1471.0, 1460.0, 1459.0, 1444.0, 1445.0, 1425.0, 1395.0, 1312.0, 1300.0, 1497.0, 1342.0, 1300.0, 1437.0, 1390.0, 1380.0, 1263.0, 1353.0, 1344.0, 1337.0, 1322.0, 1320.0, 1319.0, 1317.0, 1304.0, 1283.0, 1126.0, 1247.0, 1294.0, 1273.0, 1299.0, 1310.0, 1300.0, 1321.0, 1314.0, 1334.0, 1410.0, 1410.0, 1413.0, 1358.0, 1405.0
Photonic Metamaterials, 16140.0, 15980.0, 15890.0, 16340.0, 16340.0, 15890.0, 15920.0, 15440.0, 15370.0, 15000.0, 15830.0, 15590.0, 15560.0, 15000.0, 14900.0, 15000.0, 15520.0, 15170.0, 15300.0, 15440.0, 15000.0, 15330.0, 15730.0, 14970.0, 15270.0, 14740.0, 14730.0, 14550.0, 14590.0, 14690.0, 14370.0, 14200.0, 13980.0, 13810.0, 13400.0, 12310.0, 12280.0, 11830.0, 11470.0, 11760.0, 12980.0, 13010.0, 13160.0, 13230.0, 13200.0, 13150.0, 13160.0, 13830.0, 14940.0, 15000.0, 15000.0, 14980.0, 14840.0, 14880.0, 14790.0, 14560.0, 14430.0, 14490.0, 14750.0, 14590.0, 14510.0, 14850.0, 12850.0, 12530.0, 12320.0, 12190.0, 12790.0, 12000.0, 12280.0, 12380.0, 11600.0, 12320.0, 12200.0, 12270.0, 12000.0, 11100.0, 11540.0, 11580.0, 10000.0, 11490.0, 10930.0, 11230.0, 11280.0, 11400.0, 11480.0, 11480.0, 11410.0, 11470.0, 11430.0, 11000.0, 11290.0, 11190.0, 11000.0, 11210.0, 10950.0, 10850.0, 11920.0, 11650.0, 11920.0, 11980.0, 11950.0, 11990.0, 11890.0, 12940.0, 11880.0, 11520.0, 11980.0, 11970.0, 11420.0, 11810.0, 11750.0, 11030.0, 11800.0, 11870.0, 11720.0, 10900.0, 11440.0, 11720.0, 11670.0, 11490.0, 10900.0, 11620.0, 11870.0, 12000.0, 12000.0, 12930.0, 13030.0, 12120.0, 13070.0, 12800.0, 12570.0, 12460.0, 12030.0, 11790.0, 12180.0, 11700.0, 11960.0, 11790.0, 11820.0, 11880.0, 11930.0, 11930.0
Fluxed Condensates, 51900.0, 43000.0, 40170.0, 43020.0, 48850.0, 48600.0, 50960.0, 53000.0, 44010.0, 60800.0, 46000.0, 60800.0, 60800.0, 49070.0, 60700.0, 51030.0, 60560.0, 54010.0, 60450.0, 53010.0, 46010.0, 46140.0, 59750.0, 59370.0, 59360.0, 50050.0, 59000.0, 50080.0, 59750.0, 56000.0, 57000.0, 59730.0, 57000.0, 59740.0, 57000.0, 59740.0, 60080.0, 60080.0, 60900.0, 50170.0, 50160.0, 51010.0, 51010.0, 47229.09, 47320.0, 47510.0, 46000.0, 58283.88, 58270.0, 57930.0, 35390.0, 40060.0, 56790.0, 49880.0, 56790.0, 56790.0, 36850.0, 56760.0, 37140.0, 50920.0, 56590.0, 50920.0, 37570.0, 37620.0, 51930.0, 37900.0, 38090.0, 37900.0, 50990.0, 47050.0, 46940.0, 52000.0, 38880.0, 39140.0, 49000.0, 48980.0, 51940.0, 39860.0, 51930.0, 39850.0, 39890.0, 37590.0, 39950.0, 40320.0, 40450.0, 49990.0, 40600.0, 44500.0, 44500.0, 40570.0, 40570.0, 49480.0, 40500.0, 40000.0, 49000.0, 48940.0, 40640.0, 40510.0, 37550.0, 41240.0, 37450.0, 27000.0, 40990.0, 28000.0, 39630.0, 39400.0, 26760.0, 38940.0, 38900.0, 38000.0, 28710.0, 31400.0, 38440.0, 38240.0, 32310.0, 37640.0, 27860.0, 38000.0, 37990.0, 38000.0, 38340.0, 38240.0, 33430.0, 38330.0, 38300.0, 36000.0, 36000.0, 36000.0, 36000.0, 36000.0, 38160.0, 33030.0, 33020.0, 33020.0, 37990.0, 33000.0, 33000.0, 37900.0, 33000.0, 37890.0, 38000.0, 38300.0
Atmospheric Gases, 111.7, 111.7, 111.7, 111.7, 119.0, 111.2, 110.1, 112.4, 115.0, 115.1, 115.1, 115.5, 116.3, 118.6, 118.3, 139.0, 160.0, 125.6, 126.7, 130.2, 132.3, 133.1, 134.9, 138.5, 144.8, 116.9, 118.2, 120.1, 116.6, 116.0, 116.4, 116.1, 110.3, 90.14, 96.02, 96.04, 90.08, 90.23, 99.97, 95.0, 90.0, 85.11, 85.16, 97.98, 85.26, 85.15, 85.16, 90.01, 90.11, 103.0, 102.1, 102.3, 102.3, 138.5, 150.0, 157.0, 205.0, 499.9, 399.6, 162.4, 178.8, 166.0, 153.9, 106.0, 118.4, 125.2, 135.8, 137.2, 152.8, 115.1, 116.2, 147.3, 155.6, 152.6, 150.8, 137.6, 132.9, 133.0, 130.0, 129.0, 122.0, 119.8, 125.2, 132.9, 120.0, 120.0, 119.0, 116.1, 116.2, 115.6, 117.7, 115.8, 116.8, 116.1, 116.2, 115.3, 115.4, 87.15, 87.23, 95.96, 87.29, 91.0, 91.87, 94.0, 88.03, 91.0, 89.0, 88.08, 88.01, 88.01, 88.01, 89.0, 88.03, 88.06, 88.08, 88.08, 88.08, 88.09, 88.09, 88.1, 88.12, 88.31, 88.25, 88.25, 88.25, 88.08, 88.03, 80.0, 72.15, 72.21, 72.32, 72.32, 73.05, 119.8, 74.2, 77.22, 119.5, 78.43, 85.0, 87.0, 88.06, 88.01
Tungsten, 8575.0, 9590.0, 8587.0, 9245.0, 8507.0, 9064.0, 8607.0, 8616.0, 8740.0, 8550.0, 8517.0, 8200.0, 8003.0, 8102.0, 8400.0, 8113.0, 8202.0, 8202.0, 8117.0, 8124.0, 8123.0, 6825.0, 6832.0, 7099.0, 7000.0, 6021.0, 6024.0, 6358.0, 6250.0, 6006.0, 6022.0, 6495.0, 6420.0, 6337.0, 5518.0, 5554.0, 5575.0, 5987.0, 6140.0, 6639.0, 6660.0, 6804.0, 6835.0, 7460.0, 6977.0, 6974.0, 6997.0, 7953.0, 7820.0, 7610.0, 7639.0, 7536.0, 8000.0, 7900.0, 7552.0, 7843.0, 7663.0, 7835.0, 7710.0, 7989.0, 7989.0, 7821.0, 8436.0, 8032.0, 8037.0, 7520.0, 8061.0, 8197.0, 8200.0, 7988.0, 6980.0, 7111.0, 7500.0, 7663.0, 7820.0, 8010.0, 8069.0, 8100.0, 8106.0, 8800.0, 8100.0, 7900.0, 7632.0, 7703.0, 7710.0, 7350.0, 6902.0, 6032.0, 6030.0, 6001.0, 5905.0, 5587.0, 5784.0, 5198.0, 5203.0, 5127.0, 5127.0, 5000.0, 4415.0, 5020.0, 5112.0, 5319.0, 5500.0, 5560.0, 5611.0, 5638.0, 5675.0, 6138.0, 6121.0, 6251.0, 6291.0, 6310.0, 5906.0, 5927.0, 5900.0, 5803.0, 5632.0, 4704.0, 5007.0, 5013.0, 5441.0, 5440.0, 5475.0, 5448.0, 5100.0, 5012.0, 4615.0, 5014.0, 5020.0, 5102.0, 5395.0, 5066.0, 5056.0, 5192.0, 5216.0, 5600.0, 5349.0, 4523.0, 4900.0, 5300.0, 4836.0, 5369.0
Cadmium, 10020.0, 10990.0, 9627.0, 9970.0, 9991.0, 10000.0, 10050.0, 9561.0, 10070.0, 10090.0, 9500.0, 9999.0, 9659.0, 9753.0, 9733.0, 10090.0, 9510.0, 9950.0, 9700.0, 9701.0, 9112.0, 9850.0, 10000.0, 9500.0, 9016.0, 10360.0, 9220.0, 9003.0, 9595.0, 9000.0, 9480.0, 10250.0, 9810.0, 10630.0, 11390.0, 11040.0, 10010.0, 10710.0, 10920.0, 10170.0, 10450.0, 11000.0, 11830.0, 11590.0, 10690.0, 11310.0, 11030.0, 11580.0, 11990.0, 11170.0, 11260.0, 11500.0, 11510.0, 11760.0, 11400.0, 11220.0, 11010.0, 10260.0, 9879.0, 10620.0, 11950.0, 10770.0, 11550.0, 11480.0, 11060.0, 10040.0, 11160.0, 11190.0, 11350.0, 9816.0, 10810.0, 10620.0, 11420.0, 11530.0, 11350.0, 11690.0, 11400.0, 10780.0, 12120.0, 10780.0, 10700.0, 11620.0, 10500.0, 9841.0, 8802.0, 9640.0, 9002.0, 9103.0, 9103.0, 9899.0, 9226.0, 9235.0, 8658.0, 9598.0, 8701.0, 8017.0, 8007.0, 7784.0, 7315.0, 7980.0, 7531.0, 7618.0, 7729.0, 8058.0, 8116.0, 8641.0, 8304.0, 8960.0, 8559.0, 8550.0, 9028.0, 8756.0, 8521.0, 8924.0, 8406.0, 8323.0, 8164.0, 8002.0, 7700.0, 8075.0, 8289.0, 7765.0, 7510.0, 8298.0, 8365.0, 8363.0, 9479.0, 8813.0, 9140.0, 9101.0, 9501.0, 10840.0, 10900.0, 11140.0, 10740.0, 11000.0, 11070.0, 11630.0, 10850.0, 11710.0, 11730.0, 12040.0
Cobalt, 2710.0, 2899.0, 2751.0, 2466.0, 2468.0, 2461.0, 2734.0, 2403.0, 2315.0, 2400.0, 2306.0, 2488.0, 2423.0, 2498.0, 2502.0, 2450.0, 2363.0, 2363.0, 2579.0, 2401.0, 2450.0, 2474.0, 2489.0, 2488.0, 2600.0, 2500.0, 2480.0, 2606.0, 2606.0, 2568.0, 2678.0, 2608.0, 2789.0, 2786.0, 2758.0, 2916.0, 2881.0, 2900.0, 3999.0, 3880.0, 4040.0, 4040.0, 4040.0, 5999.0, 4114.0, 4356.0, 5098.0, 5021.0, 5024.0, 5500.0, 4820.0, 4804.0, 4800.0, 4205.0, 3852.0, 3992.0, 3991.0, 3999.0, 4108.0, 4152.0, 3918.0, 3800.0, 4887.0, 4053.0, 4864.0, 3999.0, 4150.0, 4200.0, 3600.0, 3559.0, 4398.0, 4406.0, 4397.0, 4421.0, 4211.0, 4460.0, 4264.0, 4388.0, 4549.0, 4120.0, 4540.0, 4590.0, 4499.0, 4205.96, 4244.0, 4216.0, 4021.0, 3764.0, 4003.0, 4299.95, 4000.0, 4190.0, 3872.0, 4188.0, 4241.0, 4428.0, 4240.0, 4490.0, 4313.0, 4200.0, 4600.0, 4519.0, 3895.0, 3766.0, 3816.0, 3050.0, 3131.0, 3480.0, 3308.0, 3379.0, 3309.0, 3300.0, 3348.0, 3077.0, 3430.0, 3200.0, 3300.0, 3205.0, 3210.0, 3376.0, 3050.0, 3256.0, 3435.0, 3450.0, 3251.0, 3550.0, 3283.0, 3105.0, 3632.0, 3210.0, 3579.0, 3365.0, 3635.0, 3653.0, 3500.0, 4095.0, 3601.0, 3500.0, 3698.0, 3901.0, 3520.0, 3785.0
Mercury, 11770.0, 10030.0, 9725.0, 9714.0, 9141.0, 9011.0, 9513.0, 9023.0, 8996.0, 8703.0, 8911.0, 9500.0, 9625.0, 9598.0, 9418.0, 9502.0, 9480.0, 9479.0, 8618.0, 9000.0, 9000.0, 8609.0, 9205.0, 9500.0, 9570.0, 8670.0, 8518.0, 8895.0, 8898.0, 8500.0, 8500.0, 8750.0, 8471.0, 8480.0, 8899.0, 8666.0, 8998.0, 9090.0, 9123.0, 9122.0, 9124.0, 9072.0, 9124.0, 9470.0, 9560.0, 8859.0, 8896.0, 9081.0, 9399.0, 9150.0, 9405.0, 9166.0, 10200.0, 9137.0, 8719.0, 8117.0, 9100.0, 8531.0, 8551.0, 8601.0, 8919.0, 8528.0, 9350.0, 8939.0, 9599.0, 8991.0, 9001.0, 9729.0, 9320.0, 9395.0, 9087.0, 9500.0, 8553.0, 9993.0, 9405.0, 9300.0, 9859.0, 9004.0, 8899.0, 9001.0, 8116.0, 8500.0, 8575.0, 8657.0, 8616.0, 8629.0, 9005.0, 8705.0, 9673.0, 8600.0, 8993.0, 8984.0, 8894.0, 8647.0, 8005.0, 8006.0, 7921.0, 8300.0, 8010.0, 8390.0, 8200.0, 7528.0, 7455.0, 8115.0, 7938.0, 7805.0, 7800.0, 7712.0, 7500.0, 7600.0, 7710.0, 8124.0, 7414.0, 7552.0, 7555.0, 8047.0, 7611.0, 7775.0, 7313.0, 7324.0, 7010.0, 7024.0, 6920.0, 6917.0, 6811.0, 7690.0, 7649.0, 7023.0, 6908.0, 6924.0, 6827.0, 7608.0, 7012.0, 7459.0, 6747.0, 7438.0, 7410.0, 7399.0, 7306.0, 7334.0, 6791.0, 6910.0
Technetium, 20550.0, 20330.0, 17790.0, 18530.0, 18020.0, 20000.0, 21630.0, 20440.0, 21080.0, 20500.0, 17300.0, 18000.0, 18010.0, 17920.0, 17210.0, 19390.0, 18000.0, 19500.0, 17000.0, 16330.0, 16450.0, 18210.0, 16500.0, 17890.0, 16160.0, 14780.0, 15040.0, 15630.0, 15000.0, 15000.0, 15790.0, 16170.0, 15940.0, 15000.0, 16250.0, 15050.0, 15210.0, 13800.0, 14450.0, 14450.0, 14300.0, 12650.0, 14110.0, 13990.0, 13950.0, 13940.0, 13520.0, 13270.0, 13840.0, 13010.0, 13530.0, 13850.0, 11230.0, 12880.0, 10250.0, 12000.0, 11510.0, 10000.0, 9836.0, 10250.0, 10950.0, 12100.0, 11730.0, 10990.0, 10950.0, 11300.0, 10430.0, 9602.0, 10300.0, 10400.0, 10150.0, 12540.0, 12800.0, 13700.0, 12780.0, 13010.0, 12530.0, 12010.0, 10150.0, 11000.0, 10340.0, 10400.0, 9534.0, 9382.0, 9810.0, 9800.0, 9920.0, 9210.0, 9222.0, 9500.0, 9173.0, 9100.0, 9173.0, 9277.0, 9275.0, 9300.0, 9211.0, 9250.0, 7010.0, 9615.0, 9618.0, 9000.0, 8604.0, 9500.0, 11030.0, 10780.0, 10100.0, 11850.0, 12000.0, 11250.0, 11000.0, 10920.0, 11200.0, 11030.0, 10400.0, 9973.0, 10030.0, 9845.0, 9500.0, 9478.0, 9140.0, 8777.0, 8606.0, 8954.0, 8313.0, 8920.0, 8511.0, 8650.0, 8562.0, 10330.0, 10400.0, 11200.0, 10790.0, 12360.0, 12990.0, 12360.0, 11750.0, 12910.0, 12480.0, 15050.0, 15210.0, 16450.0
Crystallite Alloy, 7690.0, 6200.0, 6236.0, 9999.0, 7600.0, 8489.0, 6417.0, 6500.0, 6500.0, 7950.0, 7890.0, 7880.0, 7867.0, 7860.0, 6620.0, 7858.0, 7846.0, 7846.0, 7846.0, 9441.0, 7000.0, 6603.0, 9084.0, 9486.0, 9430.0, 9427.0, 9366.0, 9366.0, 9246.0, 9246.0, 9250.0, 9300.0, 9350.0, 9328.0, 9330.0, 8305.0, 9230.0, 9229.0, 9193.0, 8010.0, 8380.5, 7602.0, 9192.0, 9192.0, 7144.0, 7153.0, 8988.0, 7314.0, 9320.0, 9486.0, 9320.0, 9486.0, 10000.0, 8410.0, 9999.0, 11000.0, 10990.0, 11000.0, 10900.0, 10490.0, 9975.0, 10000.0, 9500.0, 9500.0, 9500.0, 10240.0, 7405.0, 7404.0, 8010.0, 9969.0, 8004.0, 10300.0, 10900.0, 11970.0, 10800.0, 11890.0, 11880.0, 9026.0, 11870.0, 11850.0, 11490.0, 9300.0, 9400.0, 10830.0, 7451.0, 7522.0, 10450.0, 7729.16, 7500.0, 7670.0, 9206.0, 9196.0, 9180.0, 8214.0, 9007.0, 8240.0, 9190.0, 9000.0, 7425.0, 7526.0, 9194.0, 10750.0, 10750.0, 7574.0, 10700.0, 10690.0, 10620.0, 10070.0, 10100.0, 10050.0, 10730.0, 10750.0, 10820.0, 10420.0, 11080.0, 8818.0, 8804.0, 10220.0, 10290.0, 7687.0, 10210.0, 9980.0, 7776.0, 9791.0, 7832.0, 8024.0, 8024.0, 7638.0, 8024.0, 8024.0, 7427.0, 7434.0, 7435.0, 7431.0, 9793.0, 7451.0, 9420.0, 9423.0, 9699.0, 9700.0, 9675.0, 9793.0
Promethium, 63520.0, 69110.0, 65780.0, 65900.0, 62280.0, 64800.0, 62530.0, 62570.0, 62620.0, 62570.0, 56190.0, 62950.0, 60110.0, 58820.0, 57030.0, 56100.0, 58000.0, 60100.0, 60000.0, 58100.0, 55670.0, 55950.0, 53030.0, 54000.0, 58680.0, 55210.0, 55660.0, 55110.0, 53210.0, 52860.0, 53210.0, 55880.0, 54540.0, 55630.0, 52930.0, 51660.0, 51040.0, 53910.0, 48000.0, 45000.0, 50620.0, 54000.0, 50000.0, 50320.0, 54370.0, 52220.0, 53300.0, 52500.0, 52850.0, 51000.0, 49910.0, 51530.0, 48000.0, 46000.0, 46210.0, 47420.0, 45920.0, 48410.0, 45750.0, 49010.0, 50880.0, 51690.0, 51600.0, 50800.0, 50980.0, 48000.0, 43620.0, 46000.0, 48890.0, 50300.0, 46520.0, 51350.0, 50730.0, 50730.0, 47820.0, 49480.0, 49450.0, 48170.0, 48000.0, 43000.0, 44310.0, 46700.0, 42130.0, 42450.0, 42430.0, 40170.0, 43130.0, 36200.0, 35140.0, 39900.0, 39910.0, 40000.0, 39170.0, 40000.0, 41490.0, 43000.0, 40180.0, 41910.0, 38000.0, 40090.0, 41780.0, 40390.0, 41800.0, 41830.0, 41500.0, 38420.0, 40340.0, 40360.0, 41810.0, 40330.0, 40000.0, 42080.0, 42410.0, 42430.0, 45010.0, 42470.0, 42300.0, 42600.0, 44930.0, 39020.0, 37000.0, 39600.0, 40060.0, 40060.0, 40000.0, 40000.0, 39700.0, 40800.0, 45940.0, 42450.0, 41410.0, 46110.0, 50000.0, 52440.0, 49420.0, 49290.0, 53380.0, 49850.0, 51200.0, 51170.0, 55300.0, 51170.0
Silicon Diborite, 2025.0, 1824.0, 2025.0, 1825.0, 2020.0, 1998.0, 2000.0, 1823.0, 2010.0, 1824.0, 2000.0, 2100.0, 2445.0, 2439.0, 1942.0, 2440.0, 2430.0, 2438.0, 2052.0, 2053.0, 2430.0, 2430.0, 2016.0, 2440.0, 2429.0, 2440.0, 1903.0, 2440.0, 2449.0, 3000.0, 3100.0, 2055.0, 2122.0, 3145.0, 3044.0, 2319.0, 2993.0, 2993.0, 2504.0, 2400.0, 2993.0, 2400.0, 2992.0, 2992.0, 2799.0, 2152.0, 2800.0, 2181.0, 2401.0, 2581.0, 2562.0, 1922.0, 2556.0, 1922.0, 2556.0, 2552.0, 2199.0, 1924.0, 1923.0, 2556.0, 2556.0, 2499.0, 2397.0, 2395.0, 2388.0, 2397.0, 1906.0, 2098.0, 1836.0, 1852.0, 2089.0, 2098.0, 1838.0, 2397.0, 2395.0, 2200.0, 2200.0, 1931.0, 2196.0, 2199.0, 2196.0, 2197.0, 1842.0, 2195.0, 2200.0, 2200.0, 2396.0, 1712.0, 2385.0, 2298.0, 2385.0, 2385.0, 2385.0, 1712.0, 2397.0, 2397.0, 1558.0, 2559.0, 1501.0, 2586.0, 2384.0, 1533.0, 2379.0, 1901.0, 2378.0, 2379.0, 1551.0, 1600.0, 2378.0, 1541.0, 1541.0, 1651.0, 2400.0, 1703.0, 2367.0, 2373.0, 1541.0, 1545.0, 2356.0, 2355.0, 2357.0, 2800.0, 2600.0, 2250.0, 1876.0, 2505.0, 2505.0, 2500.0, 2505.0, 2505.0, 2505.0, 2507.0, 2789.0, 2750.0, 2000.0, 2022.0, 2750.0, 2599.0, 2748.0, 2730.0, 2699.0, 2680.0
Solerium, 9415.0, 9434.0, 9442.0, 13990.0, 9479.0, 9492.0, 9502.0, 14190.0, 14160.0, 9554.0, 9556.0, 13200.0, 13170.0, 9562.0, 10500.0, 10500.0, 10490.0, 12000.0, 5303.0, 12000.0, 5403.0, 11760.0, 14060.0, 14690.0, 14690.0, 7539.0, 14660.0, 7701.0, 10900.0, 14440.0, 12500.0, 12110.0, 12110.0, 14000.0, 14170.0, 12600.0, 14410.0, 14410.0, 12680.0, 12700.0, 12720.0, 13100.0, 12740.0, 14360.0, 14240.0, 11180.0, 14160.0, 11220.0, 13960.0, 13890.0, 13800.0, 13780.0, 13650.0, 11610.0, 13610.0, 12490.0, 11890.0, 12490.0, 12050.0, 13660.0, 14000.0, 12350.0, 12350.0, 14280.0, 14260.0, 12350.0, 12340.0, 12340.0, 14000.0, 13950.0, 12330.0, 12340.0, 14100.0, 14100.0, 12330.0, 14090.0, 14090.0, 7001.0, 14000.0, 14080.0, 14010.0, 14000.0, 8000.0, 7041.0, 13180.0, 13170.0, 11880.0, 7201.0, 11140.0, 11000.0, 11020.0, 11440.0, 11420.0, 11350.0, 11260.0, 10900.0, 8000.0, 10770.0, 10540.0, 10380.0, 7075.0, 7070.0, 5557.0, 5558.0, 9990.0, 10080.0, 5572.0, 9993.0, 9995.0, 9994.0, 5701.0, 9994.0, 9995.0, 9998.0, 10000.0, 5919.0, 7999.0, 9900.0, 9975.0, 9979.0, 9979.0, 9998.0, 7564.0, 10180.0, 9998.0, 8593.0, 8593.0, 7618.0, 8592.0, 8593.0, 9900.0, 11280.0, 11270.0, 11280.0, 7700.0, 7733.0, 13500.0, 13480.0, 7773.0, 13940.0, 13940.0, 13940.0
Promethium Mercurite, 43220.0, 33450.0, 35000.0, 35010.0, 35040.0, 35040.0, 38900.0, 35000.0, 39100.0, 39590.0, 39540.0, 39550.0, 35100.0, 35000.0, 35010.0, 35000.0, 35010.0, 39450.0, 39370.0, 27930.0, 27950.0, 39250.0, 28030.0, 39270.0, 39260.0, 39260.0, 39260.0, 39270.0, 39300.0, 39370.0, 37000.0, 30020.0, 38990.0, 38540.0, 27810.0, 38500.0, 38390.0, 36000.0, 35980.0, 35980.0, 27830.0, 27830.0, 27810.0, 27810.0, 27810.0, 27810.0, 34070.0, 29850.0, 29840.0, 28500.0, 29000.0, 27810.0, 29850.0, 32940.0, 34360.0, 27800.0, 25010.0, 34860.0, 34860.0, 25120.0, 28000.0, 38000.0, 37880.0, 25700.0, 37800.0, 37790.0, 35000.0, 25800.0, 37360.0, 37880.0, 37020.0, 37880.0, 32000.0, 32000.0, 25840.0, 25900.0, 25930.0, 25800.0, 37300.0, 37440.0, 25976.84, 37510.0, 26140.0, 36000.0, 26020.0, 35990.0, 26610.0, 26770.0, 26600.0, 26600.0, 26600.0, 30000.0, 27100.0, 25800.0, 27100.0, 27000.0, 31670.0, 31630.0, 25810.0, 25810.0, 25810.0, 26200.0, 25810.0, 10520.0, 17900.0, 27980.0, 27390.0, 27690.0, 30000.0, 15530.0, 15000.0, 15590.0, 23000.0, 23470.0, 23470.0, 20000.0, 20000.0, 19990.0, 29890.0, 29930.0, 15400.0, 24980.0, 24880.0, 24880.0, 24880.0, 25000.0, 28700.0, 28570.0, 28400.0, 25000.0, 27980.0, 27900.0, 25000.0, 27900.0, 28000.0, 28330.0, 28600.0, 18070.0, 29460.0, 29450.0, 29460.0, 30000.0
Fermionic Condensates, 88290.0, 88010.0, 90150.0, 85280.0, 88960.0, 88950.0, 90100.0, 90140.0, 89990.0, 89000.0, 85530.0, 90300.0, 89500.0, 89660.0, 89660.0, 89000.0, 89450.0, 86380.0, 87680.0, 87290.0, 86850.0, 75120.0, 86710.0, 86810.0, 86410.0, 81970.0, 82770.0, 82130.0, 81980.0, 81000.0, 82080.0, 81760.0, 81990.0, 78300.0, 81580.0, 81400.0, 79260.0, 80940.0, 80900.0, 80750.0, 80450.0, 77080.0, 78010.0, 79140.0, 78980.0, 78570.0, 78950.0, 72700.0, 77980.0, 74220.0, 76980.0, 78220.0, 77840.0, 77770.0, 77760.0, 77680.0, 77590.0, 75240.0, 73160.0, 77610.0, 78730.0, 78930.0, 77360.0, 77290.0, 78580.0, 78440.0, 77900.0, 78030.0, 76640.0, 77610.0, 76360.0, 74500.0, 74000.0, 73800.0, 73730.0, 72010.0, 71140.0, 70800.0, 70680.0, 66490.0, 68980.0, 69580.0, 68100.0, 66000.0, 63540.0, 65990.0, 66970.0, 67680.0, 67050.0, 67550.0, 67540.0, 67000.0, 65940.0, 66930.0, 66890.0, 63250.0, 66850.0, 66400.0, 66380.0, 66400.0, 62550.0, 66250.0, 66210.0, 66100.0, 65730.0, 63090.0, 55970.0, 63370.0, 63350.0, 63410.0, 63140.0, 63620.0, 63140.0, 63140.0, 63140.0, 63120.0, 63100.0, 63010.0, 63010.0, 61040.0, 63890.0, 63000.0, 63450.0, 63460.0, 60030.0, 64170.0, 60100.0, 63150.0, 66230.0, 65970.0, 65980.0, 66880.0, 59900.0, 66660.0, 66540.0, 66280.0, 66270.0, 66050.0, 66050.0, 65040.0, 64980.0, 64920.0
Sulfuric Acid, 1180.0, 1170.0, 1170.0, 1000.0, 1165.0, 1165.0, 750.6, 1090.0, 1163.0, 1163.0, 1166.0, 900.2, 1050.0, 1040.0, 813.2, 1195.0, 1470.0, 1196.0, 1100.0, 826.0, 826.0, 1185.0, 1184.0, 1174.0, 1100.0, 1125.0, 826.7, 1133.0, 823.1, 1134.0, 1134.0, 1097.0, 1135.0, 1135.0, 823.7, 1132.0, 1101.0, 1150.0, 1135.0, 824.0, 1125.0, 1135.0, 1147.0, 1146.0, 823.3, 823.3, 1097.0, 1095.0, 1098.0, 1099.0, 1094.0, 1095.0, 1095.0, 1095.0, 1146.0, 1146.0, 1100.0, 1143.0, 1144.0, 1192.0, 1010.0, 1400.0, 1499.0, 924.0, 927.1, 929.9, 932.4, 1333.0, 951.1, 1289.0, 1600.0, 1600.0, 1601.0, 1998.0, 1990.0, 935.1, 1890.0, 961.0, 1800.0, 957.1, 1779.0, 1778.0, 1510.0, 1249.0, 1672.0, 1369.0, 972.0, 1181.0, 1100.0, 1143.0, 1301.0, 1222.0, 1440.0, 1440.0, 1565.0, 1564.0, 1440.0, 1674.0, 1600.0, 1303.0, 1674.0, 1675.0, 1891.0, 1501.0, 1620.0, 1120.0, 1200.0, 1849.0, 1847.0, 1600.0, 981.0, 980.9, 1299.0, 1250.0, 1537.0, 1537.0, 981.3, 970.5, 1547.0, 1498.0, 1786.0, 1997.0, 975.2, 1995.0, 1100.0, 1500.0, 1964.0, 978.3, 1977.0, 1700.0, 1700.0, 1960.0, 1997.0, 1995.0, 1062.0, 1992.0, 1069.0, 1000.0, 1783.0, 1103.0, 1499.0, 978.3
Helium Fuel Block, 17180.0, 18300.0, 18110.0, 17560.0, 17950.0, 17950.0, 17930.0, 17910.0, 17950.0, 17790.0, 17480.0, 17420.0, 17440.0, 17450.0, 17470.0, 17440.0, 17490.0, 17480.0, 17320.0, 17190.0, 17170.0, 17000.0, 17000.0, 17150.0, 17320.0, 17300.0, 17310.0, 17280.0, 17270.0, 17230.0, 17230.0, 18270.0, 18250.0, 18170.0, 18150.0, 17000.0, 17920.0, 17890.0, 17810.0, 17840.0, 17860.0, 17860.0, 17800.0, 17780.0, 17670.0, 17490.0, 17390.0, 17710.0, 17670.0, 17720.0, 17740.0, 17770.0, 17910.0, 18180.0, 21990.0, 19570.0, 22190.0, 22390.0, 22320.0, 21970.0, 21600.0, 20360.0, 21040.0, 20990.0, 21030.0, 21020.0, 20960.0, 20740.0, 20350.0, 19200.0, 21140.0, 20400.0, 21160.0, 21190.0, 20230.0, 19970.0, 19990.0, 20470.0, 19980.0, 19960.0, 19890.0, 20000.0, 18500.0, 18580.0, 18550.0, 18440.0, 18200.0, 19090.0, 18850.0, 18640.0, 18660.0, 18690.0, 18640.0, 18860.0, 18700.0, 18700.0, 18600.0, 18500.0, 18690.0, 18740.0, 18850.0, 19030.0, 19000.0, 19060.0, 18700.0, 18900.0, 18930.0, 18870.0, 18800.0, 18750.0, 18700.0, 18610.0, 18420.0, 18290.0, 18170.0, 18360.0, 18320.0, 18280.0, 18170.0, 18000.0, 18000.0, 17980.0, 18090.0, 18000.0, 17600.0, 17950.0, 17980.0, 18000.0, 18000.0, 17940.0, 17940.0, 18220.0, 18520.0, 18560.0, 18680.0, 18600.0, 18790.0, 18670.0, 18350.0, 18500.0, 18500.0, 18240.0
Neo Mercurite, 38720.0, 45000.0, 52950.0, 52200.0, 52190.0, 52190.0, 52190.0, 52790.0, 52790.0, 47030.0, 57550.0, 45510.0, 57180.0, 56950.0, 45530.0, 45590.0, 52880.0, 38150.0, 47690.0, 38330.0, 38250.0, 47670.0, 47680.0, 47720.0, 47720.0, 47720.0, 49870.0, 43080.0, 54680.0, 53500.0, 47180.0, 47270.0, 47280.0, 52440.0, 43130.0, 52450.0, 43020.0, 51000.0, 51500.0, 47100.0, 43020.0, 42030.0, 43960.0, 50630.0, 40510.0, 50670.0, 50640.0, 46100.0, 50670.0, 50600.0, 43010.0, 46000.0, 49750.0, 40000.0, 40000.0, 49990.0, 27820.0, 47970.0, 47890.0, 47890.0, 36000.0, 36000.0, 37900.0, 38040.0, 37400.0, 33530.0, 32530.0, 32520.0, 32530.0, 30440.0, 25000.0, 34900.0, 35000.0, 39900.0, 32220.0, 32440.0, 37870.0, 37900.0, 37870.0, 36870.0, 32000.0, 30030.0, 30000.0, 31380.0, 32130.0, 37490.0, 37860.0, 32000.0, 36540.0, 36540.0, 36540.0, 36530.0, 36530.0, 36540.0, 38010.0, 38000.0, 35900.0, 35900.0, 35000.0, 36500.0, 36500.0, 28740.0, 36700.0, 28890.0, 27300.0, 35680.0, 34570.0, 37000.0, 47640.0, 37820.0, 27970.0, 31060.0, 31150.0, 31110.0, 28660.0, 27770.0, 15660.0, 34400.0, 34360.0, 33980.0, 17300.0, 33990.0, 33890.0, 33880.0, 20080.0, 31000.0, 18310.0, 30990.0, 30950.0, 31000.0, 31000.0, 33880.0, 33900.0, 33980.0, 47480.0, 28200.0, 47640.0, 26000.0, 28010.0, 49700.0, 49590.0, 43000.0
Crystalline Carbonide, 152.0, 137.9, 128.1, 130.6, 105.1, 142.0, 139.5, 133.2, 133.7, 133.1, 130.2, 124.3, 124.9, 128.9, 139.7, 131.0, 137.4, 132.0, 135.2, 132.5, 139.9, 133.1, 142.5, 139.3, 141.9, 135.5, 141.7, 142.5, 149.8, 144.0, 150.4, 150.9, 159.8, 148.2, 158.3, 158.0, 156.9, 156.8, 169.4, 169.0, 164.0, 165.0, 171.0, 160.1, 158.0, 157.5, 154.8, 155.0, 157.0, 155.0, 157.5, 157.5, 150.0, 163.4, 159.6, 159.4, 158.0, 159.0, 155.2, 158.8, 158.6, 145.3, 154.0, 154.9, 153.8, 152.5, 151.4, 169.0, 169.0, 166.1, 174.0, 174.0, 177.0, 167.0, 165.0, 154.2, 154.2, 150.0, 153.3, 152.0, 143.3, 151.9, 151.1, 149.2, 147.9, 141.5, 138.4, 140.8, 125.1, 135.5, 141.6, 145.7, 144.3, 145.1, 136.8, 137.7, 137.2, 138.6, 136.6, 136.7, 130.2, 134.2, 133.5, 146.9, 143.9, 138.6, 142.2, 141.1, 136.9, 140.2, 144.4, 139.7, 151.8, 169.6, 147.1, 159.9, 150.6, 155.0, 153.0, 135.9, 146.8, 146.8, 149.5, 149.6, 141.0, 131.3, 135.0, 139.0, 137.0, 138.5, 135.1, 134.0, 130.3, 133.7, 135.6, 140.0, 149.7, 140.1, 139.8, 136.4, 143.5, 135.0
Fernite Carbide, 172.9, 172.7, 159.0, 140.2, 127.6, 140.0, 137.9, 134.9, 134.2, 122.2, 125.8, 124.9, 125.1, 122.0, 123.4, 120.6, 128.0, 129.8, 124.0, 125.3, 139.9, 126.1, 132.0, 131.9, 134.9, 137.7, 129.7, 128.2, 125.7, 129.7, 129.0, 131.1, 133.0, 122.8, 133.4, 133.7, 131.7, 138.7, 140.0, 141.0, 140.9, 140.0, 141.0, 147.3, 155.0, 169.4, 182.8, 166.8, 155.2, 162.4, 136.4, 157.8, 136.9, 149.3, 138.0, 129.6, 127.5, 132.8, 130.9, 123.9, 132.3, 124.7, 135.9, 135.6, 133.2, 133.3, 133.8, 133.9, 133.3, 133.3, 133.0, 134.3, 132.0, 134.7, 139.5, 134.0, 132.2, 130.0, 130.0, 126.0, 129.4, 128.4, 119.9, 125.4, 125.1, 123.4, 121.7, 125.6, 128.2, 119.0, 133.1, 113.2, 113.0, 118.4, 116.9, 108.5, 115.8, 115.7, 114.0, 113.9, 114.3, 117.0, 114.4, 141.7, 158.7, 159.0, 160.2, 130.0, 135.0, 126.9, 124.8, 119.5, 119.5, 124.1, 123.1, 122.8, 126.1, 134.9, 139.8, 130.2, 138.2, 137.5, 129.1, 134.0, 134.7, 130.6, 128.7, 127.0, 127.0, 127.7, 121.4, 121.4, 118.0, 115.9, 121.0, 120.0, 123.1, 124.0, 136.0, 144.8, 146.7, 137.2
Fullerides, 1105.0, 1102.0, 1099.0, 1031.0, 1089.0, 1088.0, 1076.0, 1050.0, 1035.0, 1043.0, 1043.0, 1027.0, 1024.0, 989.9, 989.9, 989.9, 984.0, 980.0, 984.9, 978.6, 978.4, 957.8, 953.4, 949.9, 946.8, 856.8, 855.0, 851.1, 842.7, 820.1, 847.8, 898.0, 889.9, 889.7, 887.9, 949.9, 933.1, 928.8, 899.4, 861.4, 914.0, 916.4, 889.9, 894.5, 847.8, 837.2, 822.6, 718.6, 796.0, 799.6, 797.7, 793.5, 788.7, 783.6, 781.8, 774.7, 772.8, 764.9, 759.5, 764.8, 763.6, 765.5, 743.0, 745.4, 730.2, 759.9, 759.9, 740.0, 750.0, 740.0, 727.2, 723.4, 716.5, 720.0, 686.2, 745.4, 752.0, 744.8, 741.4, 694.5, 728.0, 678.2, 710.0, 713.6, 688.7, 566.0, 587.6, 623.0, 621.2, 614.0, 615.6, 608.9, 541.9, 557.0, 560.5, 605.5, 601.9, 594.9, 596.9, 604.9, 616.7, 618.7, 617.9, 688.6, 673.9, 606.1, 668.2, 662.0, 584.7, 639.9, 618.3, 557.0, 570.2, 617.0, 608.2, 637.2, 636.8, 633.3, 635.8, 582.7, 635.2, 625.0, 624.9, 630.1, 666.7, 676.0, 679.0, 638.0, 677.9, 665.6, 663.6, 660.0, 662.9, 664.6, 664.6, 659.0, 659.6, 659.0, 659.6, 648.0, 654.7, 654.7
Hypersynaptic Fibers, 12080.0, 11780.0, 12250.0, 10560.0, 11270.0, 10970.0, 10810.0, 10630.0, 10590.0, 10490.0, 11020.0, 11130.0, 11150.0, 11500.0, 11500.0, 11270.0, 11580.0, 11740.0, 11730.0, 11390.0, 11950.0, 11610.0, 12070.0, 11900.0, 11710.0, 9628.0, 9979.0, 9973.0, 10590.0, 10310.0, 10280.0, 10230.0, 11450.0, 11310.0, 11250.0, 11250.0, 10480.0, 10410.0, 9995.0, 9981.0, 9944.0, 9338.0, 9821.0, 9715.0, 9730.0, 9388.0, 9757.0, 9669.0, 9668.0, 9514.0, 9668.0, 9665.0, 9629.0, 9661.0, 9667.0, 9627.0, 9667.0, 9690.0, 9753.0, 10700.0, 11360.0, 11060.0, 10750.0, 10950.0, 11370.0, 11510.0, 11910.0, 11690.0, 11410.0, 11070.0, 10430.0, 10340.0, 10050.0, 10120.0, 10150.0, 10030.0, 9992.0, 9988.0, 9988.0, 9988.0, 10110.0, 10150.0, 10130.0, 10040.0, 10390.0, 10370.0, 10240.0, 9981.0, 9969.0, 9604.0, 9941.0, 9934.0, 9928.0, 9928.0, 9926.0, 9288.0, 9877.0, 9793.0, 9500.0, 9491.0, 9292.0, 9000.0, 8774.0, 8750.0, 8728.0, 8315.0, 8735.0, 8724.0, 8694.0, 8680.0, 8678.0, 8012.0, 8681.0, 8675.0, 8675.0, 8729.0, 8722.0, 8710.0, 9200.0, 8850.0, 9300.0, 9289.0, 8908.0, 9100.0, 9088.0, 9474.0, 9064.0, 9466.0, 9464.0, 9463.0, 9466.0, 9468.0, 9118.0, 9920.0, 9789.0, 9740.0, 9599.0, 9584.0, 9540.0, 9477.0, 9464.0, 9458.0
Plasmonic Metamaterials, 25070.0, 22990.0, 23000.0, 20560.0, 20400.0, 23500.0, 23650.0, 20920.0, 22340.0, 21550.0, 20000.0, 19000.0, 22220.0, 18820.0, 18750.0, 18710.0, 18830.0, 21000.0, 18510.0, 19880.0, 19650.0, 19350.0, 16090.0, 16000.0, 17870.0, 14600.0, 17000.0, 14000.0, 16950.0, 16200.0, 17500.0, 15700.0, 17490.0, 17410.0, 16500.0, 17300.0, 17150.0, 13000.0, 15000.0, 17300.0, 16030.0, 17250.0, 16720.0, 16390.0, 19090.0, 16850.0, 20000.0, 21290.0, 20910.0, 17000.0, 18000.0, 20590.0, 17500.0, 17740.0, 19020.0, 17160.0, 18340.0, 18110.0, 18100.0, 18340.0, 18100.0, 18270.0, 17990.0, 18190.0, 18090.0, 17250.0, 17100.0, 17150.0, 16850.0, 16760.0, 16220.0, 16240.0, 15980.0, 16000.0, 15720.0, 15520.0, 14720.0, 14600.0, 14750.0, 14760.0, 13970.0, 13850.0, 15290.0, 15410.0, 15930.0, 15660.0, 15250.0, 14460.0, 13200.0, 13590.0, 13970.0, 13500.0, 13230.0, 13060.0, 13000.0, 12920.0, 12840.0, 12350.0, 12390.0, 12290.0, 12330.0, 12290.0, 12260.0, 12950.0, 15600.0, 15950.0, 19610.0, 17200.0, 16870.0, 16960.0, 16650.0, 17100.0, 16410.0, 16900.0, 14660.0, 15190.0, 15260.0, 16300.0, 15390.0, 16450.0, 16250.0, 14970.0, 16060.0, 16100.0, 14890.0, 15270.0, 16490.0, 15800.0, 16460.0, 15800.0, 16610.0, 16570.0, 16600.0, 15230.0, 15250.0, 16720.0, 17580.0, 15100.0, 17870.0, 17630.0, 17610.0, 19350.0
Silicates, 1476.0, 1386.0, 1353.0, 1364.0, 1350.0, 1400.0, 1339.0, 1313.0, 1273.0, 1245.0, 1375.0, 1390.0, 1214.0, 1275.0, 1213.0, 1108.0, 1201.0, 1224.0, 1296.0, 1208.0, 1207.0, 1208.0, 1340.0, 1449.0, 1282.0, 1238.0, 1319.0, 1328.0, 1296.0, 1399.0, 1498.0, 1501.0, 1528.0, 1600.0, 1521.0, 1526.0, 1552.0, 1491.0, 1639.0, 1717.0, 1672.0, 1701.0, 2000.0, 1783.0, 1883.0, 1756.0, 1998.0, 1880.0, 2000.0, 2160.0, 2390.0, 2192.0, 2123.0, 1909.0, 2200.0, 2100.0, 2101.0, 2062.0, 2279.0, 1909.0, 1997.0, 1875.0, 2074.0, 1813.0, 1973.0, 1882.0, 1770.0, 1768.0, 1753.0, 1673.0, 1693.0, 1690.0, 1640.0, 1673.0, 1749.0, 1700.0, 1860.0, 2078.0, 1748.0, 1721.0, 1631.0, 1682.0, 1619.0, 1653.0, 1661.0, 1650.0, 1749.0, 1600.0, 1621.0, 1625.0, 1553.0, 1573.0, 1641.0, 1660.0, 1623.0, 1625.0, 1587.0, 1647.0, 1650.0, 1697.0, 1632.0, 1212.0, 1699.0, 1704.0, 1731.0, 1698.0, 1593.0, 1601.0, 1610.0, 1630.0, 1556.0, 1555.0, 1260.0, 1532.0, 1441.0, 1510.0, 1463.0, 1549.0, 1463.0, 1488.0, 1516.0, 1513.0, 1506.0, 1503.0, 1520.0, 1519.0, 1438.0, 1400.0, 1674.0, 1600.0, 1536.0, 1675.0, 1665.0, 1655.0, 1316.0, 1500.0, 1538.0, 1786.0, 1621.0, 1327.0, 1521.0, 1525.0
Hydrocarbons, 157.0, 170.0, 170.3, 140.3, 181.5, 130.5, 111.1, 120.1, 122.0, 122.5, 123.2, 169.0, 125.4, 133.0, 133.1, 170.7, 173.8, 151.1, 152.1, 142.7, 146.1, 149.4, 171.5, 160.2, 169.1, 140.2, 150.5, 167.3, 125.3, 154.0, 154.8, 145.0, 121.1, 153.9, 131.1, 131.1, 132.3, 132.7, 133.6, 111.3, 115.0, 112.1, 121.2, 121.2, 136.9, 122.8, 138.6, 125.6, 125.7, 127.8, 133.6, 134.5, 150.0, 157.4, 200.0, 153.1, 155.2, 160.8, 171.1, 178.0, 170.4, 181.0, 120.7, 135.1, 169.5, 164.0, 142.3, 143.5, 175.8, 150.0, 150.0, 133.1, 143.0, 155.8, 157.0, 139.0, 153.7, 138.9, 143.7, 121.9, 123.8, 123.5, 131.5, 161.5, 136.4, 136.6, 133.8, 120.3, 120.3, 112.5, 133.8, 112.5, 120.0, 113.3, 113.3, 115.2, 120.1, 98.0, 97.59, 100.7, 97.7, 110.0, 114.1, 98.26, 98.44, 112.0, 116.5, 98.55, 115.0, 98.67, 99.0, 119.5, 99.55, 99.64, 99.69, 99.94, 99.98, 99.77, 99.93, 99.93, 99.99, 100.3, 100.3, 100.4, 100.5, 100.3, 97.5, 80.0, 100.0, 75.02, 81.01, 93.84, 93.72, 120.0, 142.1, 130.0, 150.0, 90.08, 90.12, 90.26, 99.96, 93.04
Scandium, 6480.0, 6122.0, 5302.0, 5700.0, 5451.0, 5700.0, 5126.0, 4028.0, 4200.0, 4297.0, 4323.0, 4335.0, 4001.0, 4214.0, 5173.0, 5179.0, 5090.0, 4856.0, 4838.0, 4843.0, 4342.0, 4200.0, 4100.0, 4666.0, 4011.0, 4379.0, 3558.0, 4223.0, 3807.0, 3810.0, 3801.0, 3702.0, 3574.0, 3542.0, 3070.0, 3331.0, 2869.0, 2992.0, 3680.0, 3692.0, 3874.0, 3774.0, 3310.0, 3603.0, 3795.0, 3844.0, 3607.0, 4190.0, 4180.0, 4423.0, 4319.0, 4319.0, 4514.0, 4504.0, 4603.0, 4570.0, 4232.0, 4223.0, 4000.0, 4550.0, 4565.0, 3827.0, 4390.0, 4554.0, 4200.0, 3966.0, 3660.0, 3599.0, 3650.0, 3712.0, 4000.0, 4131.0, 4100.0, 4015.0, 3084.0, 3792.0, 3835.0, 3800.0, 3537.0, 3533.0, 3580.0, 3640.0, 3448.0, 3459.0, 3576.0, 3020.0, 3300.0, 2817.0, 2817.0, 2899.0, 2986.0, 2567.0, 2612.0, 2850.0, 3001.0, 3026.0, 2684.0, 2890.0, 2946.0, 3220.0, 2847.0, 2885.0, 3189.0, 3225.0, 4009.0, 4011.0, 4119.0, 4200.0, 5502.0, 3813.0, 4022.0, 4100.0, 3906.0, 3662.0, 3627.0, 2855.0, 2606.0, 2945.0, 3179.0, 3286.0, 3037.0, 3130.0, 3155.0, 3155.0, 3700.0, 3311.0, 3500.0, 3695.0, 4303.0, 3501.0, 4297.0, 4445.0, 4461.0, 5200.0, 5770.0, 4774.0, 4826.0, 5025.0, 5025.0, 7595.0, 6050.0, 5868.0
Prometium, 42840.0, 42760.0, 36150.0, 30380.0, 42800.0, 41940.0, 41940.0, 41940.0, 42000.0, 42850.0, 37030.0, 42740.0, 42630.0, 42570.0, 42450.0, 42450.0, 42300.0, 42270.0, 41790.0, 35710.0, 40000.0, 32300.0, 41430.0, 41530.0, 41380.0, 36900.0, 37990.0, 35630.0, 38000.0, 35600.0, 35600.0, 35600.0, 37400.0, 32440.0, 37900.0, 32450.0, 35500.0, 35490.0, 36000.0, 31990.0, 31990.0, 31740.0, 25240.0, 31880.0, 28500.0, 28500.0, 31000.0, 28490.0, 30000.0, 30000.0, 31000.0, 31000.0, 31000.0, 31000.0, 31000.0, 31000.0, 25000.0, 31970.0, 31970.0, 28000.0, 31980.0, 36800.0, 28320.0, 40900.0, 28980.0, 30240.0, 39500.0, 28690.0, 38980.0, 28810.0, 36260.0, 34980.0, 30000.0, 34900.0, 30250.0, 34830.0, 34700.0, 30260.0, 32880.0, 30170.0, 28320.0, 32800.0, 31900.0, 20090.0, 32870.0, 29970.0, 25120.0, 29970.0, 28430.0, 28420.0, 28920.0, 31100.0, 29980.0, 30950.0, 29980.0, 30950.0, 29990.0, 30950.0, 30000.0, 30970.0, 30980.0, 25970.0, 30950.0, 25950.0, 29950.0, 25210.0, 29380.0, 25530.0, 28210.0, 29430.0, 29430.0, 29430.0, 29400.0, 23050.0, 29320.0, 29120.0, 24250.0, 23070.0, 28460.0, 29430.0, 29430.0, 29390.0, 31900.0, 31740.0, 27050.0, 30690.0, 30700.0, 22340.0, 28970.0, 30000.0, 35400.0, 29030.0, 35000.0, 35380.0, 35400.0, 29520.0, 29830.0, 39430.0, 29880.0, 34500.0, 34500.0, 38000.0
Vanadium, 11040.0, 9125.0, 9025.0, 9999.0, 10050.0, 9500.0, 9139.0, 9260.0, 9549.0, 9520.0, 9549.0, 9243.0, 9500.0, 9431.0, 9337.0, 9500.0, 9404.0, 9411.0, 9990.0, 9434.0, 9240.0, 9400.0, 9619.0, 9415.0, 8810.0, 9060.0, 8402.0, 8106.0, 8510.0, 8051.0, 8075.0, 8305.0, 8350.0, 8308.0, 8203.0, 8346.0, 7802.0, 7506.0, 7357.0, 7515.0, 7556.0, 7092.0, 6652.0, 7014.0, 6649.0, 6643.0, 6559.0, 7204.0, 7364.0, 7395.0, 7304.0, 7700.0, 7320.0, 7621.0, 7892.0, 7276.0, 7321.0, 7630.0, 7311.0, 7501.0, 7512.0, 7435.0, 7850.0, 7611.0, 8210.0, 7432.0, 7493.0, 7500.0, 7468.0, 7183.0, 7163.0, 7099.0, 7300.0, 7355.0, 7147.0, 7000.0, 7183.0, 7040.0, 7141.0, 7140.0, 6726.0, 7000.0, 6699.0, 6461.0, 5600.0, 5706.0, 6000.0, 5813.0, 5500.0, 5300.0, 5426.0, 5428.0, 5479.0, 5647.0, 5700.0, 6000.0, 5801.0, 5539.0, 5548.0, 5081.0, 5076.0, 5085.0, 5994.0, 6400.0, 6500.0, 6025.0, 6051.0, 6450.0, 6488.0, 6469.0, 6172.0, 6176.0, 6178.0, 6149.0, 5813.0, 5725.0, 5208.0, 5204.0, 4586.0, 4602.0, 5050.0, 5699.0, 5011.0, 4790.0, 5056.0, 4614.0, 4966.0, 4951.0, 5030.0, 4802.0, 5200.0, 6086.0, 6100.0, 6222.0, 6468.0, 6257.0, 6499.0, 7477.0, 7172.0, 7135.0, 6930.0, 6900.0
Hafnium, 10480.0, 10230.0, 9110.0, 10110.0, 10000.0, 10030.0, 9770.0, 10210.0, 10720.0, 11320.0, 10590.0, 10180.0, 10370.0, 10750.0, 9712.0, 10740.0, 10000.0, 9855.0, 10080.0, 9840.0, 10290.0, 9098.0, 10040.0, 10030.0, 9099.0, 10000.0, 10370.0, 10110.0, 9603.0, 9630.0, 9720.0, 9600.0, 9314.0, 9338.0, 9798.0, 9665.0, 9305.0, 8300.0, 9204.0, 9221.0, 9295.0, 9406.0, 9400.0, 9300.0, 9300.0, 9987.0, 9457.0, 9307.0, 9800.0, 9570.0, 9570.0, 9765.0, 9010.0, 9753.0, 9765.0, 9760.0, 9646.0, 9315.0, 9101.0, 9155.0, 9730.0, 9900.0, 9400.0, 9512.0, 9787.0, 9604.0, 9818.0, 9817.0, 8722.0, 8807.0, 7821.0, 8001.0, 8540.0, 8310.0, 8490.0, 7831.0, 8000.0, 7737.0, 7399.0, 7221.0, 7011.0, 7145.0, 6804.0, 7007.0, 7152.0, 7243.0, 6999.0, 7145.0, 7243.0, 7262.0, 7309.0, 7404.0, 7402.0, 7502.0, 7104.0, 7251.0, 7896.0, 7222.0, 7036.0, 7000.0, 6700.0, 7000.0, 7094.0, 6926.0, 6842.0, 7580.0, 6990.0, 7301.0, 7548.0, 7165.0, 7170.0, 7202.0, 6620.0, 7300.0, 6609.0, 6630.0, 6265.0, 7089.0, 6848.0, 6851.0, 7161.0, 7147.0, 7140.0, 6708.0, 7441.0, 6350.0, 7329.0, 7150.0, 7452.0, 7300.0, 7631.0, 8698.0, 8908.0, 9500.0, 9950.0, 9334.0, 9301.0, 8969.0, 8948.0, 9793.0, 9882.0, 10770.0
Neodymium, 82190.0, 91380.0, 87030.0, 90000.0, 89170.0, 93640.0, 89700.0, 93450.0, 90320.0, 89300.0, 89180.0, 88000.0, 92170.0, 73010.0, 84950.0, 84840.0, 77670.0, 84100.0, 74210.0, 77000.0, 79020.0, 74510.0, 67000.0, 78000.0, 76630.0, 78680.0, 78470.0, 73500.0, 73500.0, 72000.0, 69000.0, 70110.0, 72210.0, 70060.0, 69560.0, 70240.0, 70020.0, 66800.0, 60200.0, 68120.0, 68490.0, 68560.0, 66000.0, 64190.0, 61000.0, 65000.0, 62030.0, 64480.0, 64290.0, 61000.0, 62250.0, 62190.0, 59000.0, 58000.0, 59000.0, 55000.0, 59940.0, 55000.0, 54960.0, 59620.0, 59690.0, 59000.0, 59880.0, 58990.0, 58500.0, 63990.0, 55590.0, 58600.0, 56000.0, 55130.0, 55430.0, 56640.0, 60110.0, 60630.0, 60930.0, 62000.0, 60980.0, 63950.0, 60900.0, 58710.0, 56880.0, 56820.0, 55000.0, 54210.0, 54160.0, 55020.0, 54380.0, 54620.0, 55880.0, 54750.0, 53040.0, 52140.0, 48220.0, 52450.0, 50900.0, 49530.0, 48080.0, 48320.0, 50560.0, 51000.0, 49140.0, 50100.0, 49390.0, 49250.0, 50980.0, 51830.0, 51070.0, 56060.0, 57000.0, 59120.0, 62100.0, 59170.0, 56770.0, 54080.0, 55040.0, 55190.0, 55740.0, 56590.0, 60700.0, 56570.0, 55810.0, 56150.0, 59000.0, 54180.0, 53100.0, 52100.0, 50600.0, 45710.0, 50900.0, 47210.0, 53060.0, 54810.0, 54800.0, 52670.0, 54000.0, 55890.0, 54420.0, 59400.0, 57010.0, 62120.0, 73860.0, 74450.0
Nitrogen Fuel Block, 17330.0, 17180.0, 17440.0, 17460.0, 17590.0, 17440.0, 17470.0, 17440.0, 16990.0, 17430.0, 17000.0, 17040.0, 17090.0, 17000.0, 17120.0, 16990.0, 17120.0, 16980.0, 17020.0, 17050.0, 16790.0, 16900.0, 16730.0, 16860.0, 16850.0, 16890.0, 16900.0, 16830.0, 16670.0, 16820.0, 16640.0, 16800.0, 16790.0, 16850.0, 16540.0, 16610.0, 16490.0, 16510.0, 16400.0, 16440.0, 16580.0, 16320.0, 16240.0, 16500.0, 16090.0, 16090.0, 16140.0, 16250.0, 16240.0, 16530.0, 16220.0, 16500.0, 16580.0, 16310.0, 16300.0, 16310.0, 16390.0, 16730.0, 16690.0, 16680.0, 16700.0, 16950.0, 20260.0, 19500.0, 20520.0, 19980.0, 20000.0, 19640.0, 19520.0, 19400.0, 19940.0, 19510.0, 19300.0, 19370.0, 19360.0, 18980.0, 19800.0, 19700.0, 19790.0, 19290.0, 19290.0, 19100.0, 19480.0, 18860.0, 18850.0, 18840.0, 18660.0, 19300.0, 18980.0, 19390.0, 18890.0, 18550.0, 18530.0, 18000.0, 18900.0, 18860.0, 19100.0, 19400.0, 17860.0, 18990.0, 19000.0, 18990.0, 18990.0, 19540.0, 19100.0, 18900.0, 18980.0, 18400.0, 18960.0, 18860.0, 18810.0, 18730.0, 18770.0, 18760.0, 18770.0, 18660.0, 18580.0, 18390.0, 18620.0, 18640.0, 18420.0, 18300.0, 18220.0, 18160.0, 17560.0, 16620.0, 18180.0, 18210.0, 18290.0, 18790.0, 18820.0, 19180.0, 19790.0, 19100.0, 19180.0, 19460.0, 19000.0, 19320.0, 19270.0, 19200.0, 18700.0, 18820.0
Rolled Tungsten Alloy, 16030.0, 6030.0, 12910.0, 15470.0, 13330.0, 13990.0, 6510.0, 13880.0, 6548.0, 11900.0, 11635.0, 11350.0, 7030.0, 11220.0, 11150.0, 11740.0, 13780.0, 13740.0, 11780.0, 11790.0, 11770.0, 12980.0, 11970.0, 11500.0, 8495.0, 8494.0, 8490.0, 8468.0, 10830.0, 10000.0, 10770.0, 8504.0, 10750.0, 10740.0, 8514.0, 10650.0, 10720.0, 10720.0, 10010.0, 11980.0, 9031.0, 11910.0, 9040.0, 11850.0, 11750.0, 9104.0, 11800.0, 11840.0, 13060.0, 12000.0, 13060.0, 12000.0, 12000.0, 13100.0, 12000.0, 12000.0, 11900.0, 11900.0, 11800.0, 11800.0, 10500.0, 13580.0, 12990.0, 9210.0, 12900.0, 12950.0, 12500.0, 10620.0, 10710.0, 11200.0, 11980.0, 12000.0, 11490.0, 11440.0, 9006.0, 10980.0, 11240.0, 11220.0, 10900.0, 11000.0, 11270.0, 8856.0, 10060.0, 8522.0, 8526.0, 10870.0, 10820.0, 8528.0, 8400.0, 5252.0, 8400.0, 5261.0, 8396.0, 8399.0, 5329.0, 8472.0, 8400.0, 8400.0, 8400.0, 8375.0, 8400.0, 8400.0, 8400.0, 9000.0, 9910.0, 9201.0, 9201.0, 9889.0, 9300.0, 9300.0, 9301.0, 9880.0, 9800.0, 9300.0, 9300.0, 9699.0, 9700.0, 9700.0, 9000.0, 10100.0, 10100.0, 9700.0, 8601.0, 8600.0, 3506.0, 8904.0, 8904.0, 3531.0, 8903.0, 8900.0, 10960.0, 9010.0, 10940.0, 9010.0, 9010.0, 5213.0, 10580.0, 10900.0, 5308.0, 10430.0, 10000.0, 10410.0
Thulium Hafnite, 30020.0, 30020.0, 30020.0, 32100.0, 32100.0, 30020.0, 30020.0, 30020.0, 30020.0, 28400.0, 28400.0, 16510.0, 31960.0, 31910.0, 17060.0, 31960.0, 31960.0, 31960.0, 29970.0, 29970.0, 17830.0, 17950.0, 29810.0, 29790.0, 18430.0, 29000.0, 20050.0, 28940.0, 28960.0, 28950.0, 23240.0, 21390.0, 28370.0, 27990.0, 21990.0, 22260.0, 27790.0, 28000.0, 24060.0, 24040.0, 24050.0, 25000.0, 24080.0, 22000.0, 24080.0, 24080.0, 27000.0, 23200.0, 23200.0, 27890.0, 24000.0, 27500.0, 27400.0, 24000.0, 27400.0, 27400.0, 24200.0, 27400.0, 27400.0, 24160.0, 27300.0, 27300.0, 20000.0, 25970.0, 25970.0, 22030.0, 25770.0, 22000.0, 25770.0, 22000.0, 15130.0, 21960.0, 23510.0, 23800.0, 20990.0, 16030.0, 19000.0, 19890.0, 23540.0, 19820.0, 19890.33, 19960.0, 19500.0, 18500.0, 15050.0, 15140.0, 19000.0, 15070.0, 15000.0, 18880.0, 15080.0, 15070.0, 18560.0, 10160.0, 18160.0, 10990.0, 18780.0, 18600.0, 18090.0, 18090.0, 18090.0, 12700.0, 18300.0, 14060.0, 17470.0, 13200.0, 13170.0, 17940.0, 18200.0, 18300.0, 17910.0, 17920.0, 17920.0, 17970.0, 18000.0, 17980.0, 14280.0, 18500.0, 17980.0, 17980.0, 18500.0, 17970.0, 18790.0, 18780.0, 18790.0, 17980.0, 18780.0, 17980.0, 22990.0, 15890.0, 15990.0, 21460.0, 21470.0, 21460.0, 20000.0, 16240.0, 19900.0, 19900.0, 21000.0, 21330.0, 21470.0, 25000.0
Titanium Chromide, 9873.0, 9875.0, 13900.0, 8550.0, 13500.0, 8667.0, 13240.0, 13000.0, 9072.0, 9071.0, 11420.0, 11300.0, 12960.0, 13370.0, 14000.0, 10320.0, 10300.0, 14790.0, 11800.0, 10520.0, 9006.0, 7111.0, 7115.0, 10500.0, 7216.0, 7308.0, 7301.0, 9699.0, 9710.0, 9700.0, 9700.0, 7456.0, 9539.0, 8999.0, 9000.0, 7489.0, 6990.0, 7198.0, 7193.0, 7193.0, 7193.0, 7196.0, 7990.0, 7900.0, 7988.0, 6274.0, 7989.0, 7899.0, 7950.0, 9493.0, 9497.0, 9700.0, 10100.0, 8609.0, 10100.0, 10340.0, 8500.0, 12420.0, 12690.0, 7037.0, 13370.0, 12000.0, 9998.0, 10240.0, 10160.0, 7206.0, 10000.0, 7300.0, 9500.0, 9500.0, 9976.0, 7859.0, 10500.0, 13420.0, 7860.0, 12000.0, 12000.0, 7679.0, 7692.0, 9896.0, 9554.0, 9598.0, 9749.0, 9795.0, 7757.0, 7769.0, 9665.0, 8650.0, 7200.0, 5317.0, 5329.0, 8598.0, 6488.0, 6103.0, 6495.0, 9401.0, 9074.0, 9401.0, 9000.0, 8000.0, 7980.0, 8000.0, 9063.0, 7400.0, 9800.0, 9790.0, 9790.0, 8001.0, 9790.0, 8509.0, 8521.0, 8522.0, 12000.0, 12000.0, 11960.0, 11900.0, 9021.0, 12000.0, 12000.0, 9022.0, 9009.0, 6809.0, 9009.0, 8000.0, 6816.0, 6816.0, 8816.0, 8816.0, 8816.0, 8816.0, 8816.0, 8816.0, 8816.0, 8816.0, 8816.0, 9009.0, 9330.0, 7499.99, 10890.0, 11000.0, 12350.0, 10040.0
Ceramic Powder, 2703.0, 2106.0, 3193.0, 3071.0, 3055.0, 2600.0, 2200.0, 2117.0, 1931.0, 2543.0, 2100.0, 1815.0, 2536.0, 1838.0, 2200.0, 2200.0, 2100.0, 2396.0, 2397.0, 1811.0, 1809.0, 1907.0, 2270.0, 2255.0, 2184.0, 1919.0, 2241.0, 2243.0, 2243.0, 2275.0, 2100.0, 2398.0, 2538.0, 2560.0, 2533.0, 2305.0, 3190.0, 3198.0, 2711.0, 3198.0, 3198.0, 3198.0, 2718.0, 2690.0, 2683.0, 2685.0, 2683.0, 1703.0, 2664.0, 2662.0, 2549.0, 2550.0, 2700.0, 2700.0, 3136.0, 3135.0, 2555.0, 2142.0, 2101.0, 3120.0, 2375.0, 2500.0, 2397.0, 2349.0, 1827.0, 2335.0, 1827.0, 2313.0, 2312.0, 2243.0, 2000.0, 1838.0, 2298.0, 2320.0, 2249.0, 1954.0, 2319.0, 2319.0, 2319.0, 2002.0, 2318.0, 2320.0, 2150.0, 2220.0, 2053.0, 2052.0, 1837.0, 2211.0, 1851.0, 1852.0, 1852.0, 2390.0, 2390.0, 2522.0, 2812.0, 2100.0, 2812.0, 2103.0, 2016.0, 2670.0, 2676.0, 1907.0, 1827.0, 2000.0, 2680.0, 2672.0, 2672.0, 2110.0, 2399.0, 2398.0, 2815.0, 2450.0, 2450.0, 3100.0, 3100.0, 2400.0, 1835.0, 3083.0, 3085.0, 3096.0, 3099.0, 3197.0, 2990.0, 2985.0, 2981.0, 1915.0, 2915.0, 2915.0, 3497.0, 2896.0, 2036.0, 2680.0, 2599.0, 2000.0, 2586.0, 1895.0, 2296.0, 2298.0, 2296.0, 2299.0, 1912.0, 2497.0
Hydrogen Fuel Block, 17260.0, 18240.0, 18370.0, 17860.0, 17820.0, 17550.0, 17520.0, 17650.0, 17440.0, 17300.0, 17480.0, 17400.0, 17380.0, 17250.0, 17190.0, 17170.0, 17150.0, 17000.0, 17130.0, 17150.0, 17100.0, 17000.0, 16880.0, 16990.0, 16970.0, 16990.0, 16980.0, 16980.0, 16920.0, 16970.0, 16840.0, 16820.0, 16980.0, 16900.0, 16870.0, 16660.0, 16500.0, 16500.0, 16470.0, 16430.0, 16540.0, 16700.0, 16660.0, 16630.0, 16640.0, 16700.0, 16700.0, 16500.0, 16790.0, 16790.0, 16800.0, 16930.0, 17110.0, 17000.0, 17020.0, 17180.0, 17190.0, 17000.0, 17000.0, 17840.0, 21910.0, 19530.0, 20900.0, 19940.0, 19850.0, 19770.0, 20450.0, 20220.0, 19720.0, 19610.0, 19900.0, 19960.0, 19700.0, 19470.0, 19300.0, 19790.0, 19300.0, 19760.0, 19640.0, 19560.0, 19200.0, 18990.0, 18700.0, 18930.0, 18650.0, 18850.0, 18540.0, 18800.0, 18660.0, 18660.0, 18500.0, 18480.0, 18500.0, 18950.0, 18690.0, 18590.0, 18530.0, 18950.0, 18860.0, 18750.0, 18700.0, 18950.0, 18900.0, 18840.0, 18980.0, 18890.0, 18780.0, 18840.0, 18820.0, 18500.0, 18730.0, 18470.0, 18430.0, 18090.0, 18270.0, 18140.0, 18400.0, 17200.0, 17900.0, 18190.0, 18000.0, 17900.0, 17980.0, 17890.0, 17800.0, 17770.0, 15850.0, 17890.0, 18000.0, 17490.0, 17900.0, 18480.0, 18500.0, 18560.0, 18250.0, 18790.0, 18990.0, 18980.0, 19000.0, 18900.0, 18900.0, 18500.0
Caesarium Cadmide, 18670.0, 18370.0, 13140.0, 17130.0, 17000.0, 16700.0, 16770.0, 16250.0, 16230.0, 16220.0, 16200.0, 15990.0, 13740.0, 12230.0, 15140.0, 15110.0, 12720.0, 14850.0, 12120.0, 12130.0, 12120.0, 13830.0, 13490.0, 13450.0, 12170.0, 12310.0, 13830.0, 11000.0, 13920.0, 13480.0, 12980.0, 12970.0, 13360.0, 13360.0, 13350.0, 13400.0, 14580.0, 14990.0, 16000.0, 13710.0, 13720.0, 15000.0, 14000.0, 16000.0, 14290.0, 9340.0, 14230.0, 13020.0, 15820.0, 14080.0, 15720.0, 15710.0, 15710.0, 12510.0, 15400.0, 12940.0, 15390.0, 15400.0, 15710.0, 15710.0, 12700.0, 15690.0, 14800.0, 14880.0, 14900.0, 12700.0, 12700.0, 12680.0, 12740.0, 15700.0, 15770.0, 15800.0, 15810.0, 15700.0, 15670.0, 15700.0, 15650.0, 15650.0, 15670.0, 15670.0, 15300.0, 15350.0, 14020.0, 15500.0, 15600.0, 12580.0, 9336.0, 13050.0, 14620.0, 9484.0, 14310.0, 14310.0, 14620.0, 14670.0, 14560.0, 14550.0, 14670.0, 16100.0, 11040.0, 14520.0, 15250.0, 12130.0, 10550.0, 10570.0, 10550.0, 13620.0, 13570.0, 11750.0, 13510.0, 13540.0, 13370.0, 13550.0, 13540.0, 12530.0, 13490.0, 12700.0, 11030.0, 12640.0, 11020.0, 12180.0, 12150.0, 11010.0, 11010.0, 11940.0, 11010.0, 12180.0, 12180.0, 12340.0, 12350.0, 12350.0, 12340.0, 11720.0, 12420.0, 12410.0, 12420.0, 12430.0, 13490.0, 11410.0, 13460.0, 14270.0, 14250.0, 14250.0
Ferrofluid, 51190.0, 51300.0, 45230.0, 51200.0, 51180.0, 45260.0, 50780.0, 51180.0, 45300.0, 51180.0, 51200.0, 51100.0, 51300.0, 51490.0, 45410.0, 45370.0, 51500.0, 54000.0, 53930.0, 55000.0, 54990.0, 54960.0, 54960.0, 54940.0, 54900.0, 48110.0, 54700.0, 54740.0, 54690.0, 54680.0, 45250.0, 54490.0, 54410.0, 52500.0, 52430.0, 46520.0, 51900.0, 51880.0, 46520.0, 51800.0, 51790.0, 51770.0, 51900.0, 51880.0, 46510.0, 42000.0, 50970.0, 42000.0, 42010.0, 50800.0, 50810.0, 50810.0, 50820.0, 50820.0, 50820.0, 50820.0, 46000.0, 50880.0, 42460.0, 42400.0, 50880.0, 50880.0, 48600.0, 48490.0, 48600.0, 48260.0, 46990.0, 42020.0, 47000.0, 42000.0, 46990.0, 46970.0, 46990.0, 46950.0, 46940.0, 48300.0, 50880.0, 48970.0, 50880.0, 41170.0, 41160.0, 50870.0, 41260.0, 47000.0, 41330.0, 50880.0, 50710.0, 45500.0, 50660.0, 47290.0, 50840.0, 50880.0, 47990.0, 41620.0, 45000.0, 50560.0, 38510.0, 50480.0, 46000.0, 47940.0, 47500.0, 47940.0, 41910.0, 40070.0, 46850.0, 35060.0, 43000.0, 35310.0, 44780.0, 39280.0, 39260.0, 40000.0, 44860.0, 37250.0, 40000.0, 44850.0, 44860.0, 44860.0, 44860.0, 44500.0, 44400.0, 44400.0, 44390.0, 35920.0, 40000.0, 40000.0, 40000.0, 40000.0, 38000.0, 38000.0, 38000.0, 45190.0, 44950.0, 44870.0, 40000.0, 39990.0, 47800.0, 50550.0, 50000.0, 44500.0, 50330.0, 45040.0
Hyperflurite, 44450.0, 41820.0, 31820.0, 41560.0, 44500.0, 38020.0, 43000.0, 43000.0, 44460.0, 43000.0, 42880.0, 37000.0, 38350.0, 31110.0, 37890.0, 37960.0, 37890.0, 37850.0, 37780.0, 37570.0, 27030.0, 37050.0, 37040.0, 37040.0, 37410.0, 26100.0, 25660.0, 25630.0, 35080.0, 25770.0, 25810.0, 28980.0, 29000.0, 35260.0, 36990.0, 26270.0, 25120.0, 36450.0, 36500.0, 32010.0, 36300.0, 18210.0, 18250.0, 35860.0, 22130.0, 35460.0, 35070.0, 34430.0, 34275.0, 32990.0, 32990.0, 30000.0, 29980.0, 25000.0, 25000.0, 24980.0, 25000.0, 34240.0, 25160.0, 25140.0, 25130.0, 11620.0, 21010.0, 29780.0, 21100.0, 10560.0, 27420.0, 22990.0, 22000.0, 27320.0, 21070.0, 21060.0, 26900.0, 31290.0, 21360.0, 26700.0, 23000.0, 26000.0, 27500.0, 25890.0, 12890.0, 25760.0, 16020.0, 23970.0, 17010.0, 23810.0, 23660.0, 20000.0, 18100.0, 18510.0, 23330.0, 23360.0, 23360.0, 23590.0, 23350.0, 23430.0, 23350.0, 23480.0, 23600.0, 24460.0, 24440.0, 24430.0, 24420.0, 20080.0, 24320.0, 18040.0, 23970.0, 24290.0, 11670.0, 20050.0, 22870.0, 30000.0, 25000.0, 20000.0, 29600.0, 29450.0, 21000.0, 20220.0, 21510.0, 25450.0, 26330.0, 26230.0, 22510.0, 26230.0, 25000.0, 24010.0, 24000.0, 22010.0, 24000.0, 25000.0, 26370.0, 26370.0, 26390.0, 26390.0, 26390.0, 21500.0, 26350.0, 25000.0, 29460.0, 29960.0, 29990.0, 30000.0
Tungsten Carbide, 188.9, 180.0, 186.9, 176.1, 183.3, 179.0, 171.6, 174.7, 168.6, 173.5, 166.7, 163.3, 163.0, 173.8, 167.0, 174.9, 174.0, 169.0, 174.3, 172.3, 172.5, 172.0, 170.6, 170.7, 170.5, 164.3, 162.9, 166.5, 166.0, 162.0, 163.4, 163.0, 171.1, 171.0, 171.0, 169.5, 175.8, 168.5, 169.5, 168.2, 178.1, 163.6, 172.0, 173.5, 172.9, 166.0, 189.3, 181.0, 185.8, 180.9, 187.8, 180.0, 178.8, 173.8, 169.0, 176.0, 172.3, 170.4, 160.1, 161.3, 160.7, 159.5, 170.0, 172.0, 178.6, 172.6, 170.4, 173.1, 179.3, 172.9, 163.8, 163.8, 160.5, 162.5, 161.9, 171.2, 166.2, 169.1, 168.5, 167.2, 163.9, 165.2, 162.4, 160.2, 160.3, 148.5, 153.1, 151.1, 150.6, 143.7, 150.3, 138.4, 143.8, 143.2, 143.2, 136.1, 120.0, 120.0, 133.3, 129.9, 128.8, 139.5, 139.0, 142.8, 141.8, 141.0, 141.0, 140.0, 138.4, 136.1, 137.7, 138.6, 140.3, 147.9, 148.5, 148.7, 145.9, 139.3, 145.5, 150.1, 144.6, 144.4, 140.6, 141.1, 144.0, 138.0, 141.9, 138.7, 143.0, 143.0, 137.1, 133.5, 131.9, 129.1, 136.2, 146.3, 149.0, 146.0, 146.0, 143.6, 143.3, 142.2
